country_name,country_code,indicator,indicator_label,frequency,year,value
Australia,AUS,NGDPD,"GDP, current prices (U.S. dollars)",A,2015,1233914000000
Australia,AUS,NGDPD,"GDP, current prices (U.S. dollars)",A,2016,1262645000000
Australia,AUS,NGDPD,"GDP, current prices (U.S. dollars)",A,2017,1381106000000
Australia,AUS,NGDPD,"GDP, current prices (U.S. dollars)",A,2018,1417158000000
Australia,AUS,NGDPD,"GDP, current prices (U.S. dollars)",A,2019,1386289000000
Australia,AUS,NGDPD,"GDP, current prices (U.S. dollars)",A,2020,1362665000000
Australia,AUS,NGDPD,"GDP, current prices (U.S. dollars)",A,2021,1655838000000
Australia,AUS,NGDPD,"GDP, current prices (U.S. dollars)",A,2022,1725433000000
Australia,AUS,NGDPD,"GDP, current prices (U.S. dollars)",A,2023,1742311000000
Australia,AUS,NGDPD,"GDP, current prices (U.S. dollars)",A,2024,1795492000000
Australia,AUS,NGDPD,"GDP, current prices (U.S. dollars)",A,2025,1829508000000
Australia,AUS,NGDPD,"GDP, current prices (U.S. dollars)",A,2026,1948227000000
Australia,AUS,NGDPD_PCH,"Nominal GDP growth (percent change, derived from NGDPD)",A,2016,2.328444
Australia,AUS,NGDPD_PCH,"Nominal GDP growth (percent change, derived from NGDPD)",A,2017,9.381972
Australia,AUS,NGDPD_PCH,"Nominal GDP growth (percent change, derived from NGDPD)",A,2018,2.610372
Australia,AUS,NGDPD_PCH,"Nominal GDP growth (percent change, derived from NGDPD)",A,2019,-2.178233
Australia,AUS,NGDPD_PCH,"Nominal GDP growth (percent change, derived from NGDPD)",A,2020,-1.704118
Australia,AUS,NGDPD_PCH,"Nominal GDP growth (percent change, derived from NGDPD)",A,2021,21.514679
Australia,AUS,NGDPD_PCH,"Nominal GDP growth (percent change, derived from NGDPD)",A,2022,4.203008
Australia,AUS,NGDPD_PCH,"Nominal GDP growth (percent change, derived from NGDPD)",A,2023,0.978189
Australia,AUS,NGDPD_PCH,"Nominal GDP growth (percent change, derived from NGDPD)",A,2024,3.052325
Australia,AUS,NGDPD_PCH,"Nominal GDP growth (percent change, derived from NGDPD)",A,2025,1.894523
Australia,AUS,NGDPD_PCH,"Nominal GDP growth (percent change, derived from NGDPD)",A,2026,6.489122
Australia,AUS,NGDP_RPCH,Real GDP growth (percent change),A,2015,2.34
Australia,AUS,NGDP_RPCH,Real GDP growth (percent change),A,2016,2.694
Australia,AUS,NGDP_RPCH,Real GDP growth (percent change),A,2017,2.38
Australia,AUS,NGDP_RPCH,Real GDP growth (percent change),A,2018,2.791
Australia,AUS,NGDP_RPCH,Real GDP growth (percent change),A,2019,1.936
Australia,AUS,NGDP_RPCH,Real GDP growth (percent change),A,2020,-1.953
Australia,AUS,NGDP_RPCH,Real GDP growth (percent change),A,2021,5.418
Australia,AUS,NGDP_RPCH,Real GDP growth (percent change),A,2022,4.132
Australia,AUS,NGDP_RPCH,Real GDP growth (percent change),A,2023,2.066
Australia,AUS,NGDP_RPCH,Real GDP growth (percent change),A,2024,1.023
Australia,AUS,NGDP_RPCH,Real GDP growth (percent change),A,2025,1.809
Australia,AUS,NGDP_RPCH,Real GDP growth (percent change),A,2026,2.149
Austria,AUT,NGDPD,"GDP, current prices (U.S. dollars)",A,2015,379584000000
Austria,AUT,NGDPD,"GDP, current prices (U.S. dollars)",A,2016,393579000000
Austria,AUT,NGDPD,"GDP, current prices (U.S. dollars)",A,2017,414780000000
Austria,AUT,NGDPD,"GDP, current prices (U.S. dollars)",A,2018,452787000000
Austria,AUT,NGDPD,"GDP, current prices (U.S. dollars)",A,2019,443033000000
Austria,AUT,NGDPD,"GDP, current prices (U.S. dollars)",A,2020,434050000000
Austria,AUT,NGDPD,"GDP, current prices (U.S. dollars)",A,2021,480786000000
Austria,AUT,NGDPD,"GDP, current prices (U.S. dollars)",A,2022,472145000000
Austria,AUT,NGDPD,"GDP, current prices (U.S. dollars)",A,2023,511833000000
Austria,AUT,NGDPD,"GDP, current prices (U.S. dollars)",A,2024,523956000000
Austria,AUT,NGDPD,"GDP, current prices (U.S. dollars)",A,2025,566456000000
Austria,AUT,NGDPD,"GDP, current prices (U.S. dollars)",A,2026,604198000000
Austria,AUT,NGDPD_PCH,"Nominal GDP growth (percent change, derived from NGDPD)",A,2016,3.686931
Austria,AUT,NGDPD_PCH,"Nominal GDP growth (percent change, derived from NGDPD)",A,2017,5.386720
Austria,AUT,NGDPD_PCH,"Nominal GDP growth (percent change, derived from NGDPD)",A,2018,9.163171
Austria,AUT,NGDPD_PCH,"Nominal GDP growth (percent change, derived from NGDPD)",A,2019,-2.154214
Austria,AUT,NGDPD_PCH,"Nominal GDP growth (percent change, derived from NGDPD)",A,2020,-2.027614
Austria,AUT,NGDPD_PCH,"Nominal GDP growth (percent change, derived from NGDPD)",A,2021,10.767423
Austria,AUT,NGDPD_PCH,"Nominal GDP growth (percent change, derived from NGDPD)",A,2022,-1.797265
Austria,AUT,NGDPD_PCH,"Nominal GDP growth (percent change, derived from NGDPD)",A,2023,8.405892
Austria,AUT,NGDPD_PCH,"Nominal GDP growth (percent change, derived from NGDPD)",A,2024,2.368546
Austria,AUT,NGDPD_PCH,"Nominal GDP growth (percent change, derived from NGDPD)",A,2025,8.111368
Austria,AUT,NGDPD_PCH,"Nominal GDP growth (percent change, derived from NGDPD)",A,2026,6.662830
Austria,AUT,NGDP_RPCH,Real GDP growth (percent change),A,2015,1.303
Austria,AUT,NGDP_RPCH,Real GDP growth (percent change),A,2016,2.117
Austria,AUT,NGDP_RPCH,Real GDP growth (percent change),A,2017,2.272
Austria,AUT,NGDP_RPCH,Real GDP growth (percent change),A,2018,2.484
Austria,AUT,NGDP_RPCH,Real GDP growth (percent change),A,2019,1.755
Austria,AUT,NGDP_RPCH,Real GDP growth (percent change),A,2020,-6.318
Austria,AUT,NGDP_RPCH,Real GDP growth (percent change),A,2021,4.795
Austria,AUT,NGDP_RPCH,Real GDP growth (percent change),A,2022,5.278
Austria,AUT,NGDP_RPCH,Real GDP growth (percent change),A,2023,-0.955
Austria,AUT,NGDP_RPCH,Real GDP growth (percent change),A,2024,-0.989
Austria,AUT,NGDP_RPCH,Real GDP growth (percent change),A,2025,0.27
Austria,AUT,NGDP_RPCH,Real GDP growth (percent change),A,2026,0.764
Belgium,BEL,NGDPD,"GDP, current prices (U.S. dollars)",A,2015,461091000000
Belgium,BEL,NGDPD,"GDP, current prices (U.S. dollars)",A,2016,474141000000
Belgium,BEL,NGDPD,"GDP, current prices (U.S. dollars)",A,2017,500733000000
Belgium,BEL,NGDPD,"GDP, current prices (U.S. dollars)",A,2018,542885000000
Belgium,BEL,NGDPD,"GDP, current prices (U.S. dollars)",A,2019,536787000000
Belgium,BEL,NGDPD,"GDP, current prices (U.S. dollars)",A,2020,529269000000
Belgium,BEL,NGDPD,"GDP, current prices (U.S. dollars)",A,2021,598920000000
Belgium,BEL,NGDPD,"GDP, current prices (U.S. dollars)",A,2022,594081000000
Belgium,BEL,NGDPD,"GDP, current prices (U.S. dollars)",A,2023,644840000000
Belgium,BEL,NGDPD,"GDP, current prices (U.S. dollars)",A,2024,664365000000
Belgium,BEL,NGDPD,"GDP, current prices (U.S. dollars)",A,2025,716980000000
Belgium,BEL,NGDPD,"GDP, current prices (U.S. dollars)",A,2026,761174000000
Belgium,BEL,NGDPD_PCH,"Nominal GDP growth (percent change, derived from NGDPD)",A,2016,2.830244
Belgium,BEL,NGDPD_PCH,"Nominal GDP growth (percent change, derived from NGDPD)",A,2017,5.608458
Belgium,BEL,NGDPD_PCH,"Nominal GDP growth (percent change, derived from NGDPD)",A,2018,8.418059
Belgium,BEL,NGDPD_PCH,"Nominal GDP growth (percent change, derived from NGDPD)",A,2019,-1.123258
Belgium,BEL,NGDPD_PCH,"Nominal GDP growth (percent change, derived from NGDPD)",A,2020,-1.400556
Belgium,BEL,NGDPD_PCH,"Nominal GDP growth (percent change, derived from NGDPD)",A,2021,13.159849
Belgium,BEL,NGDPD_PCH,"Nominal GDP growth (percent change, derived from NGDPD)",A,2022,-0.807954
Belgium,BEL,NGDPD_PCH,"Nominal GDP growth (percent change, derived from NGDPD)",A,2023,8.544121
Belgium,BEL,NGDPD_PCH,"Nominal GDP growth (percent change, derived from NGDPD)",A,2024,3.027883
Belgium,BEL,NGDPD_PCH,"Nominal GDP growth (percent change, derived from NGDPD)",A,2025,7.919592
Belgium,BEL,NGDPD_PCH,"Nominal GDP growth (percent change, derived from NGDPD)",A,2026,6.163910
Belgium,BEL,NGDP_RPCH,Real GDP growth (percent change),A,2015,1.474
Belgium,BEL,NGDP_RPCH,Real GDP growth (percent change),A,2016,1.193
Belgium,BEL,NGDP_RPCH,Real GDP growth (percent change),A,2017,1.475
Belgium,BEL,NGDP_RPCH,Real GDP growth (percent change),A,2018,1.878
Belgium,BEL,NGDP_RPCH,Real GDP growth (percent change),A,2019,2.443
Belgium,BEL,NGDP_RPCH,Real GDP growth (percent change),A,2020,-4.793
Belgium,BEL,NGDP_RPCH,Real GDP growth (percent change),A,2021,6.207
Belgium,BEL,NGDP_RPCH,Real GDP growth (percent change),A,2022,4.26
Belgium,BEL,NGDP_RPCH,Real GDP growth (percent change),A,2023,1.202
Belgium,BEL,NGDP_RPCH,Real GDP growth (percent change),A,2024,1.019
Belgium,BEL,NGDP_RPCH,Real GDP growth (percent change),A,2025,1.065
Belgium,BEL,NGDP_RPCH,Real GDP growth (percent change),A,2026,0.98
Brazil,BRA,NGDPD,"GDP, current prices (U.S. dollars)",A,2015,1800046000000
Brazil,BRA,NGDPD,"GDP, current prices (U.S. dollars)",A,2016,1796622000000
Brazil,BRA,NGDPD,"GDP, current prices (U.S. dollars)",A,2017,2063519000000
Brazil,BRA,NGDPD,"GDP, current prices (U.S. dollars)",A,2018,1916934000000
Brazil,BRA,NGDPD,"GDP, current prices (U.S. dollars)",A,2019,1873286000000
Brazil,BRA,NGDPD,"GDP, current prices (U.S. dollars)",A,2020,1476092000000
Brazil,BRA,NGDPD,"GDP, current prices (U.S. dollars)",A,2021,1670650000000
Brazil,BRA,NGDPD,"GDP, current prices (U.S. dollars)",A,2022,1951849000000
Brazil,BRA,NGDPD,"GDP, current prices (U.S. dollars)",A,2023,2191137000000
Brazil,BRA,NGDPD,"GDP, current prices (U.S. dollars)",A,2024,2179413000000
Brazil,BRA,NGDPD,"GDP, current prices (U.S. dollars)",A,2025,2256910000000
Brazil,BRA,NGDPD,"GDP, current prices (U.S. dollars)",A,2026,2292690000000
Brazil,BRA,NGDPD_PCH,"Nominal GDP growth (percent change, derived from NGDPD)",A,2016,-0.190217
Brazil,BRA,NGDPD_PCH,"Nominal GDP growth (percent change, derived from NGDPD)",A,2017,14.855490
Brazil,BRA,NGDPD_PCH,"Nominal GDP growth (percent change, derived from NGDPD)",A,2018,-7.103642
Brazil,BRA,NGDPD_PCH,"Nominal GDP growth (percent change, derived from NGDPD)",A,2019,-2.276969
Brazil,BRA,NGDPD_PCH,"Nominal GDP growth (percent change, derived from NGDPD)",A,2020,-21.203062
Brazil,BRA,NGDPD_PCH,"Nominal GDP growth (percent change, derived from NGDPD)",A,2021,13.180615
Brazil,BRA,NGDPD_PCH,"Nominal GDP growth (percent change, derived from NGDPD)",A,2022,16.831712
Brazil,BRA,NGDPD_PCH,"Nominal GDP growth (percent change, derived from NGDPD)",A,2023,12.259555
Brazil,BRA,NGDPD_PCH,"Nominal GDP growth (percent change, derived from NGDPD)",A,2024,-0.535065
Brazil,BRA,NGDPD_PCH,"Nominal GDP growth (percent change, derived from NGDPD)",A,2025,3.555866
Brazil,BRA,NGDPD_PCH,"Nominal GDP growth (percent change, derived from NGDPD)",A,2026,1.585353
Brazil,BRA,NGDP_RPCH,Real GDP growth (percent change),A,2015,-3.546
Brazil,BRA,NGDP_RPCH,Real GDP growth (percent change),A,2016,-3.276
Brazil,BRA,NGDP_RPCH,Real GDP growth (percent change),A,2017,1.323
Brazil,BRA,NGDP_RPCH,Real GDP growth (percent change),A,2018,1.784
Brazil,BRA,NGDP_RPCH,Real GDP growth (percent change),A,2019,1.221
Brazil,BRA,NGDP_RPCH,Real GDP growth (percent change),A,2020,-3.277
Brazil,BRA,NGDP_RPCH,Real GDP growth (percent change),A,2021,4.763
Brazil,BRA,NGDP_RPCH,Real GDP growth (percent change),A,2022,3.017
Brazil,BRA,NGDP_RPCH,Real GDP growth (percent change),A,2023,3.242
Brazil,BRA,NGDP_RPCH,Real GDP growth (percent change),A,2024,3.396
Brazil,BRA,NGDP_RPCH,Real GDP growth (percent change),A,2025,2.4
Brazil,BRA,NGDP_RPCH,Real GDP growth (percent change),A,2026,1.942
Bulgaria,BGR,NGDPD,"GDP, current prices (U.S. dollars)",A,2015,50766000000
Bulgaria,BGR,NGDPD,"GDP, current prices (U.S. dollars)",A,2016,53929000000
Bulgaria,BGR,NGDPD,"GDP, current prices (U.S. dollars)",A,2017,59288000000
Bulgaria,BGR,NGDPD,"GDP, current prices (U.S. dollars)",A,2018,66318000000
Bulgaria,BGR,NGDPD,"GDP, current prices (U.S. dollars)",A,2019,68639000000
Bulgaria,BGR,NGDPD,"GDP, current prices (U.S. dollars)",A,2020,70658000000
Bulgaria,BGR,NGDPD,"GDP, current prices (U.S. dollars)",A,2021,84477000000
Bulgaria,BGR,NGDPD,"GDP, current prices (U.S. dollars)",A,2022,90719000000
Bulgaria,BGR,NGDPD,"GDP, current prices (U.S. dollars)",A,2023,102434000000
Bulgaria,BGR,NGDPD,"GDP, current prices (U.S. dollars)",A,2024,112232000000
Bulgaria,BGR,NGDPD,"GDP, current prices (U.S. dollars)",A,2025,127924000000
Bulgaria,BGR,NGDPD,"GDP, current prices (U.S. dollars)",A,2026,142203000000
Bulgaria,BGR,NGDPD_PCH,"Nominal GDP growth (percent change, derived from NGDPD)",A,2016,6.230548
Bulgaria,BGR,NGDPD_PCH,"Nominal GDP growth (percent change, derived from NGDPD)",A,2017,9.937140
Bulgaria,BGR,NGDPD_PCH,"Nominal GDP growth (percent change, derived from NGDPD)",A,2018,11.857374
Bulgaria,BGR,NGDPD_PCH,"Nominal GDP growth (percent change, derived from NGDPD)",A,2019,3.499804
Bulgaria,BGR,NGDPD_PCH,"Nominal GDP growth (percent change, derived from NGDPD)",A,2020,2.941476
Bulgaria,BGR,NGDPD_PCH,"Nominal GDP growth (percent change, derived from NGDPD)",A,2021,19.557587
Bulgaria,BGR,NGDPD_PCH,"Nominal GDP growth (percent change, derived from NGDPD)",A,2022,7.388993
Bulgaria,BGR,NGDPD_PCH,"Nominal GDP growth (percent change, derived from NGDPD)",A,2023,12.913502
Bulgaria,BGR,NGDPD_PCH,"Nominal GDP growth (percent change, derived from NGDPD)",A,2024,9.565183
Bulgaria,BGR,NGDPD_PCH,"Nominal GDP growth (percent change, derived from NGDPD)",A,2025,13.981752
Bulgaria,BGR,NGDPD_PCH,"Nominal GDP growth (percent change, derived from NGDPD)",A,2026,11.162096
Bulgaria,BGR,NGDP_RPCH,Real GDP growth (percent change),A,2015,3.398
Bulgaria,BGR,NGDP_RPCH,Real GDP growth (percent change),A,2016,3.027
Bulgaria,BGR,NGDP_RPCH,Real GDP growth (percent change),A,2017,2.746
Bulgaria,BGR,NGDP_RPCH,Real GDP growth (percent change),A,2018,2.549
Bulgaria,BGR,NGDP_RPCH,Real GDP growth (percent change),A,2019,3.789
Bulgaria,BGR,NGDP_RPCH,Real GDP growth (percent change),A,2020,-3.216
Bulgaria,BGR,NGDP_RPCH,Real GDP growth (percent change),A,2021,7.781
Bulgaria,BGR,NGDP_RPCH,Real GDP growth (percent change),A,2022,4.039
Bulgaria,BGR,NGDP_RPCH,Real GDP growth (percent change),A,2023,1.887
Bulgaria,BGR,NGDP_RPCH,Real GDP growth (percent change),A,2024,2.811
Bulgaria,BGR,NGDP_RPCH,Real GDP growth (percent change),A,2025,3.05
Bulgaria,BGR,NGDP_RPCH,Real GDP growth (percent change),A,2026,3.089
Canada,CAN,NGDPD,"GDP, current prices (U.S. dollars)",A,2015,1556508000000
Canada,CAN,NGDPD,"GDP, current prices (U.S. dollars)",A,2016,1527996000000
Canada,CAN,NGDPD,"GDP, current prices (U.S. dollars)",A,2017,1649266000000
Canada,CAN,NGDPD,"GDP, current prices (U.S. dollars)",A,2018,1725300000000
Canada,CAN,NGDPD,"GDP, current prices (U.S. dollars)",A,2019,1743725000000
Canada,CAN,NGDPD,"GDP, current prices (U.S. dollars)",A,2020,1655685000000
Canada,CAN,NGDPD,"GDP, current prices (U.S. dollars)",A,2021,2022382000000
Canada,CAN,NGDPD,"GDP, current prices (U.S. dollars)",A,2022,2190411000000
Canada,CAN,NGDPD,"GDP, current prices (U.S. dollars)",A,2023,2173340000000
Canada,CAN,NGDPD,"GDP, current prices (U.S. dollars)",A,2024,2243637000000
Canada,CAN,NGDPD,"GDP, current prices (U.S. dollars)",A,2025,2283599000000
Canada,CAN,NGDPD,"GDP, current prices (U.S. dollars)",A,2026,2420837000000
Canada,CAN,NGDPD_PCH,"Nominal GDP growth (percent change, derived from NGDPD)",A,2016,-1.831793
Canada,CAN,NGDPD_PCH,"Nominal GDP growth (percent change, derived from NGDPD)",A,2017,7.936539
Canada,CAN,NGDPD_PCH,"Nominal GDP growth (percent change, derived from NGDPD)",A,2018,4.610172
Canada,CAN,NGDPD_PCH,"Nominal GDP growth (percent change, derived from NGDPD)",A,2019,1.067930
Canada,CAN,NGDPD_PCH,"Nominal GDP growth (percent change, derived from NGDPD)",A,2020,-5.048961
Canada,CAN,NGDPD_PCH,"Nominal GDP growth (percent change, derived from NGDPD)",A,2021,22.147752
Canada,CAN,NGDPD_PCH,"Nominal GDP growth (percent change, derived from NGDPD)",A,2022,8.308470
Canada,CAN,NGDPD_PCH,"Nominal GDP growth (percent change, derived from NGDPD)",A,2023,-0.779351
Canada,CAN,NGDPD_PCH,"Nominal GDP growth (percent change, derived from NGDPD)",A,2024,3.234515
Canada,CAN,NGDPD_PCH,"Nominal GDP growth (percent change, derived from NGDPD)",A,2025,1.781126
Canada,CAN,NGDPD_PCH,"Nominal GDP growth (percent change, derived from NGDPD)",A,2026,6.009724
Canada,CAN,NGDP_RPCH,Real GDP growth (percent change),A,2015,0.65
Canada,CAN,NGDP_RPCH,Real GDP growth (percent change),A,2016,1.039
Canada,CAN,NGDP_RPCH,Real GDP growth (percent change),A,2017,3.034
Canada,CAN,NGDP_RPCH,Real GDP growth (percent change),A,2018,2.743
Canada,CAN,NGDP_RPCH,Real GDP growth (percent change),A,2019,1.908
Canada,CAN,NGDP_RPCH,Real GDP growth (percent change),A,2020,-5.038
Canada,CAN,NGDP_RPCH,Real GDP growth (percent change),A,2021,5.951
Canada,CAN,NGDP_RPCH,Real GDP growth (percent change),A,2022,4.189
Canada,CAN,NGDP_RPCH,Real GDP growth (percent change),A,2023,1.529
Canada,CAN,NGDP_RPCH,Real GDP growth (percent change),A,2024,1.555
Canada,CAN,NGDP_RPCH,Real GDP growth (percent change),A,2025,1.153
Canada,CAN,NGDP_RPCH,Real GDP growth (percent change),A,2026,1.541
China,CHN,NGDPD,"GDP, current prices (U.S. dollars)",A,2015,11307226000000
China,CHN,NGDPD,"GDP, current prices (U.S. dollars)",A,2016,11448003000000
China,CHN,NGDPD,"GDP, current prices (U.S. dollars)",A,2017,12503299000000
China,CHN,NGDPD,"GDP, current prices (U.S. dollars)",A,2018,14110963000000
China,CHN,NGDPD,"GDP, current prices (U.S. dollars)",A,2019,14572410000000
China,CHN,NGDPD,"GDP, current prices (U.S. dollars)",A,2020,15103357000000
China,CHN,NGDPD,"GDP, current prices (U.S. dollars)",A,2021,18190803000000
China,CHN,NGDPD,"GDP, current prices (U.S. dollars)",A,2022,18307816000000
China,CHN,NGDPD,"GDP, current prices (U.S. dollars)",A,2023,18270351000000
China,CHN,NGDPD,"GDP, current prices (U.S. dollars)",A,2024,18749759000000
China,CHN,NGDPD,"GDP, current prices (U.S. dollars)",A,2025,19398577000000
China,CHN,NGDPD,"GDP, current prices (U.S. dollars)",A,2026,20650754000000
China,CHN,NGDPD_PCH,"Nominal GDP growth (percent change, derived from NGDPD)",A,2016,1.245018
China,CHN,NGDPD_PCH,"Nominal GDP growth (percent change, derived from NGDPD)",A,2017,9.218167
China,CHN,NGDPD_PCH,"Nominal GDP growth (percent change, derived from NGDPD)",A,2018,12.857919
China,CHN,NGDPD_PCH,"Nominal GDP growth (percent change, derived from NGDPD)",A,2019,3.270131
China,CHN,NGDPD_PCH,"Nominal GDP growth (percent change, derived from NGDPD)",A,2020,3.643509
China,CHN,NGDPD_PCH,"Nominal GDP growth (percent change, derived from NGDPD)",A,2021,20.442118
China,CHN,NGDPD_PCH,"Nominal GDP growth (percent change, derived from NGDPD)",A,2022,0.643254
China,CHN,NGDPD_PCH,"Nominal GDP growth (percent change, derived from NGDPD)",A,2023,-0.204639
China,CHN,NGDPD_PCH,"Nominal GDP growth (percent change, derived from NGDPD)",A,2024,2.623967
China,CHN,NGDPD_PCH,"Nominal GDP growth (percent change, derived from NGDPD)",A,2025,3.460407
China,CHN,NGDPD_PCH,"Nominal GDP growth (percent change, derived from NGDPD)",A,2026,6.454994
China,CHN,NGDP_RPCH,Real GDP growth (percent change),A,2015,7.018
China,CHN,NGDP_RPCH,Real GDP growth (percent change),A,2016,6.776
China,CHN,NGDP_RPCH,Real GDP growth (percent change),A,2017,6.891
China,CHN,NGDP_RPCH,Real GDP growth (percent change),A,2018,6.759
China,CHN,NGDP_RPCH,Real GDP growth (percent change),A,2019,6.065
China,CHN,NGDP_RPCH,Real GDP growth (percent change),A,2020,2.337
China,CHN,NGDP_RPCH,Real GDP growth (percent change),A,2021,8.556
China,CHN,NGDP_RPCH,Real GDP growth (percent change),A,2022,3.112
China,CHN,NGDP_RPCH,Real GDP growth (percent change),A,2023,5.377
China,CHN,NGDP_RPCH,Real GDP growth (percent change),A,2024,5.003
China,CHN,NGDP_RPCH,Real GDP growth (percent change),A,2025,4.796
China,CHN,NGDP_RPCH,Real GDP growth (percent change),A,2026,4.163
France,FRA,NGDPD,"GDP, current prices (U.S. dollars)",A,2015,2442731000000
France,FRA,NGDPD,"GDP, current prices (U.S. dollars)",A,2016,2469726000000
France,FRA,NGDPD,"GDP, current prices (U.S. dollars)",A,2017,2587955000000
France,FRA,NGDPD,"GDP, current prices (U.S. dollars)",A,2018,2782838000000
France,FRA,NGDPD,"GDP, current prices (U.S. dollars)",A,2019,2723094000000
France,FRA,NGDPD,"GDP, current prices (U.S. dollars)",A,2020,2645806000000
France,FRA,NGDPD,"GDP, current prices (U.S. dollars)",A,2021,2968405000000
France,FRA,NGDPD,"GDP, current prices (U.S. dollars)",A,2022,2796987000000
France,FRA,NGDPD,"GDP, current prices (U.S. dollars)",A,2023,3061093000000
France,FRA,NGDPD,"GDP, current prices (U.S. dollars)",A,2024,3160902000000
France,FRA,NGDPD,"GDP, current prices (U.S. dollars)",A,2025,3361557000000
France,FRA,NGDPD,"GDP, current prices (U.S. dollars)",A,2026,3558562000000
France,FRA,NGDPD_PCH,"Nominal GDP growth (percent change, derived from NGDPD)",A,2016,1.105116
France,FRA,NGDPD_PCH,"Nominal GDP growth (percent change, derived from NGDPD)",A,2017,4.787130
France,FRA,NGDPD_PCH,"Nominal GDP growth (percent change, derived from NGDPD)",A,2018,7.530386
France,FRA,NGDPD_PCH,"Nominal GDP growth (percent change, derived from NGDPD)",A,2019,-2.146873
France,FRA,NGDPD_PCH,"Nominal GDP growth (percent change, derived from NGDPD)",A,2020,-2.838242
France,FRA,NGDPD_PCH,"Nominal GDP growth (percent change, derived from NGDPD)",A,2021,12.192844
France,FRA,NGDPD_PCH,"Nominal GDP growth (percent change, derived from NGDPD)",A,2022,-5.774751
France,FRA,NGDPD_PCH,"Nominal GDP growth (percent change, derived from NGDPD)",A,2023,9.442518
France,FRA,NGDPD_PCH,"Nominal GDP growth (percent change, derived from NGDPD)",A,2024,3.260567
France,FRA,NGDPD_PCH,"Nominal GDP growth (percent change, derived from NGDPD)",A,2025,6.348030
France,FRA,NGDPD_PCH,"Nominal GDP growth (percent change, derived from NGDPD)",A,2026,5.860528
France,FRA,NGDP_RPCH,Real GDP growth (percent change),A,2015,0.998
France,FRA,NGDP_RPCH,Real GDP growth (percent change),A,2016,0.735
France,FRA,NGDP_RPCH,Real GDP growth (percent change),A,2017,2.268
France,FRA,NGDP_RPCH,Real GDP growth (percent change),A,2018,1.593
France,FRA,NGDP_RPCH,Real GDP growth (percent change),A,2019,2.091
France,FRA,NGDP_RPCH,Real GDP growth (percent change),A,2020,-7.603
France,FRA,NGDP_RPCH,Real GDP growth (percent change),A,2021,6.794
France,FRA,NGDP_RPCH,Real GDP growth (percent change),A,2022,2.801
France,FRA,NGDP_RPCH,Real GDP growth (percent change),A,2023,1.619
France,FRA,NGDP_RPCH,Real GDP growth (percent change),A,2024,1.102
France,FRA,NGDP_RPCH,Real GDP growth (percent change),A,2025,0.671
France,FRA,NGDP_RPCH,Real GDP growth (percent change),A,2026,0.911
Germany,DEU,NGDPD,"GDP, current prices (U.S. dollars)",A,2015,3425446000000
Germany,DEU,NGDPD,"GDP, current prices (U.S. dollars)",A,2016,3535812000000
Germany,DEU,NGDPD,"GDP, current prices (U.S. dollars)",A,2017,3764023000000
Germany,DEU,NGDPD,"GDP, current prices (U.S. dollars)",A,2018,4057272000000
Germany,DEU,NGDPD,"GDP, current prices (U.S. dollars)",A,2019,3960332000000
Germany,DEU,NGDPD,"GDP, current prices (U.S. dollars)",A,2020,3938244000000
Germany,DEU,NGDPD,"GDP, current prices (U.S. dollars)",A,2021,4358147000000
Germany,DEU,NGDPD,"GDP, current prices (U.S. dollars)",A,2022,4204327000000
Germany,DEU,NGDPD,"GDP, current prices (U.S. dollars)",A,2023,4563523000000
Germany,DEU,NGDPD,"GDP, current prices (U.S. dollars)",A,2024,4684182000000
Germany,DEU,NGDPD,"GDP, current prices (U.S. dollars)",A,2025,5013574000000
Germany,DEU,NGDPD,"GDP, current prices (U.S. dollars)",A,2026,5328184000000
Germany,DEU,NGDPD_PCH,"Nominal GDP growth (percent change, derived from NGDPD)",A,2016,3.221945
Germany,DEU,NGDPD_PCH,"Nominal GDP growth (percent change, derived from NGDPD)",A,2017,6.454274
Germany,DEU,NGDPD_PCH,"Nominal GDP growth (percent change, derived from NGDPD)",A,2018,7.790840
Germany,DEU,NGDPD_PCH,"Nominal GDP growth (percent change, derived from NGDPD)",A,2019,-2.389290
Germany,DEU,NGDPD_PCH,"Nominal GDP growth (percent change, derived from NGDPD)",A,2020,-0.557731
Germany,DEU,NGDPD_PCH,"Nominal GDP growth (percent change, derived from NGDPD)",A,2021,10.662189
Germany,DEU,NGDPD_PCH,"Nominal GDP growth (percent change, derived from NGDPD)",A,2022,-3.529482
Germany,DEU,NGDPD_PCH,"Nominal GDP growth (percent change, derived from NGDPD)",A,2023,8.543484
Germany,DEU,NGDPD_PCH,"Nominal GDP growth (percent change, derived from NGDPD)",A,2024,2.643988
Germany,DEU,NGDPD_PCH,"Nominal GDP growth (percent change, derived from NGDPD)",A,2025,7.032007
Germany,DEU,NGDPD_PCH,"Nominal GDP growth (percent change, derived from NGDPD)",A,2026,6.275164
Germany,DEU,NGDP_RPCH,Real GDP growth (percent change),A,2015,1.663
Germany,DEU,NGDP_RPCH,Real GDP growth (percent change),A,2016,2.217
Germany,DEU,NGDP_RPCH,Real GDP growth (percent change),A,2017,2.806
Germany,DEU,NGDP_RPCH,Real GDP growth (percent change),A,2018,1.133
Germany,DEU,NGDP_RPCH,Real GDP growth (percent change),A,2019,0.973
Germany,DEU,NGDP_RPCH,Real GDP growth (percent change),A,2020,-4.127
Germany,DEU,NGDP_RPCH,Real GDP growth (percent change),A,2021,3.913
Germany,DEU,NGDP_RPCH,Real GDP growth (percent change),A,2022,1.807
Germany,DEU,NGDP_RPCH,Real GDP growth (percent change),A,2023,-0.872
Germany,DEU,NGDP_RPCH,Real GDP growth (percent change),A,2024,-0.496
Germany,DEU,NGDP_RPCH,Real GDP growth (percent change),A,2025,0.191
Germany,DEU,NGDP_RPCH,Real GDP growth (percent change),A,2026,0.944
Greece,GRC,NGDPD,"GDP, current prices (U.S. dollars)",A,2015,194587000000
Greece,GRC,NGDPD,"GDP, current prices (U.S. dollars)",A,2016,193044000000
Greece,GRC,NGDPD,"GDP, current prices (U.S. dollars)",A,2017,200310000000
Greece,GRC,NGDPD,"GDP, current prices (U.S. dollars)",A,2018,213396000000
Greece,GRC,NGDPD,"GDP, current prices (U.S. dollars)",A,2019,207329000000
Greece,GRC,NGDPD,"GDP, current prices (U.S. dollars)",A,2020,191210000000
Greece,GRC,NGDPD,"GDP, current prices (U.S. dollars)",A,2021,218449000000
Greece,GRC,NGDPD,"GDP, current prices (U.S. dollars)",A,2022,219053000000
Greece,GRC,NGDPD,"GDP, current prices (U.S. dollars)",A,2023,243569000000
Greece,GRC,NGDPD,"GDP, current prices (U.S. dollars)",A,2024,257067000000
Greece,GRC,NGDPD,"GDP, current prices (U.S. dollars)",A,2025,282019000000
Greece,GRC,NGDPD,"GDP, current prices (U.S. dollars)",A,2026,304838000000
Greece,GRC,NGDPD_PCH,"Nominal GDP growth (percent change, derived from NGDPD)",A,2016,-0.792962
Greece,GRC,NGDPD_PCH,"Nominal GDP growth (percent change, derived from NGDPD)",A,2017,3.763909
Greece,GRC,NGDPD_PCH,"Nominal GDP growth (percent change, derived from NGDPD)",A,2018,6.532874
Greece,GRC,NGDPD_PCH,"Nominal GDP growth (percent change, derived from NGDPD)",A,2019,-2.843071
Greece,GRC,NGDPD_PCH,"Nominal GDP growth (percent change, derived from NGDPD)",A,2020,-7.774600
Greece,GRC,NGDPD_PCH,"Nominal GDP growth (percent change, derived from NGDPD)",A,2021,14.245594
Greece,GRC,NGDPD_PCH,"Nominal GDP growth (percent change, derived from NGDPD)",A,2022,0.276495
Greece,GRC,NGDPD_PCH,"Nominal GDP growth (percent change, derived from NGDPD)",A,2023,11.191812
Greece,GRC,NGDPD_PCH,"Nominal GDP growth (percent change, derived from NGDPD)",A,2024,5.541756
Greece,GRC,NGDPD_PCH,"Nominal GDP growth (percent change, derived from NGDPD)",A,2025,9.706419
Greece,GRC,NGDPD_PCH,"Nominal GDP growth (percent change, derived from NGDPD)",A,2026,8.091299
Greece,GRC,NGDP_RPCH,Real GDP growth (percent change),A,2015,-0.228
Greece,GRC,NGDP_RPCH,Real GDP growth (percent change),A,2016,-0.032
Greece,GRC,NGDP_RPCH,Real GDP growth (percent change),A,2017,1.473
Greece,GRC,NGDP_RPCH,Real GDP growth (percent change),A,2018,2.065
Greece,GRC,NGDP_RPCH,Real GDP growth (percent change),A,2019,2.277
Greece,GRC,NGDP_RPCH,Real GDP growth (percent change),A,2020,-9.196
Greece,GRC,NGDP_RPCH,Real GDP growth (percent change),A,2021,8.654
Greece,GRC,NGDP_RPCH,Real GDP growth (percent change),A,2022,5.744
Greece,GRC,NGDP_RPCH,Real GDP growth (percent change),A,2023,2.332
Greece,GRC,NGDP_RPCH,Real GDP growth (percent change),A,2024,2.272
Greece,GRC,NGDP_RPCH,Real GDP growth (percent change),A,2025,1.964
Greece,GRC,NGDP_RPCH,Real GDP growth (percent change),A,2026,2.043
Hong Kong,HKG,NGDPD,"GDP, current prices (U.S. dollars)",A,2015,309386000000
Hong Kong,HKG,NGDPD,"GDP, current prices (U.S. dollars)",A,2016,320860000000
Hong Kong,HKG,NGDPD,"GDP, current prices (U.S. dollars)",A,2017,341271000000
Hong Kong,HKG,NGDPD,"GDP, current prices (U.S. dollars)",A,2018,361731000000
Hong Kong,HKG,NGDPD,"GDP, current prices (U.S. dollars)",A,2019,363075000000
Hong Kong,HKG,NGDPD,"GDP, current prices (U.S. dollars)",A,2020,344941000000
Hong Kong,HKG,NGDPD,"GDP, current prices (U.S. dollars)",A,2021,368954000000
Hong Kong,HKG,NGDPD,"GDP, current prices (U.S. dollars)",A,2022,358680000000
Hong Kong,HKG,NGDPD,"GDP, current prices (U.S. dollars)",A,2023,381043000000
Hong Kong,HKG,NGDPD,"GDP, current prices (U.S. dollars)",A,2024,406863000000
Hong Kong,HKG,NGDPD,"GDP, current prices (U.S. dollars)",A,2025,428233000000
Hong Kong,HKG,NGDPD,"GDP, current prices (U.S. dollars)",A,2026,446646000000
Hong Kong,HKG,NGDPD_PCH,"Nominal GDP growth (percent change, derived from NGDPD)",A,2016,3.708636
Hong Kong,HKG,NGDPD_PCH,"Nominal GDP growth (percent change, derived from NGDPD)",A,2017,6.361341
Hong Kong,HKG,NGDPD_PCH,"Nominal GDP growth (percent change, derived from NGDPD)",A,2018,5.995235
Hong Kong,HKG,NGDPD_PCH,"Nominal GDP growth (percent change, derived from NGDPD)",A,2019,0.371547
Hong Kong,HKG,NGDPD_PCH,"Nominal GDP growth (percent change, derived from NGDPD)",A,2020,-4.994560
Hong Kong,HKG,NGDPD_PCH,"Nominal GDP growth (percent change, derived from NGDPD)",A,2021,6.961480
Hong Kong,HKG,NGDPD_PCH,"Nominal GDP growth (percent change, derived from NGDPD)",A,2022,-2.784629
Hong Kong,HKG,NGDPD_PCH,"Nominal GDP growth (percent change, derived from NGDPD)",A,2023,6.234805
Hong Kong,HKG,NGDPD_PCH,"Nominal GDP growth (percent change, derived from NGDPD)",A,2024,6.776138
Hong Kong,HKG,NGDPD_PCH,"Nominal GDP growth (percent change, derived from NGDPD)",A,2025,5.252382
Hong Kong,HKG,NGDPD_PCH,"Nominal GDP growth (percent change, derived from NGDPD)",A,2026,4.299762
Hong Kong,HKG,NGDP_RPCH,Real GDP growth (percent change),A,2015,2.388
Hong Kong,HKG,NGDP_RPCH,Real GDP growth (percent change),A,2016,2.175
Hong Kong,HKG,NGDP_RPCH,Real GDP growth (percent change),A,2017,3.796
Hong Kong,HKG,NGDP_RPCH,Real GDP growth (percent change),A,2018,2.847
Hong Kong,HKG,NGDP_RPCH,Real GDP growth (percent change),A,2019,-1.672
Hong Kong,HKG,NGDP_RPCH,Real GDP growth (percent change),A,2020,-6.545
Hong Kong,HKG,NGDP_RPCH,Real GDP growth (percent change),A,2021,6.454
Hong Kong,HKG,NGDP_RPCH,Real GDP growth (percent change),A,2022,-3.684
Hong Kong,HKG,NGDP_RPCH,Real GDP growth (percent change),A,2023,3.224
Hong Kong,HKG,NGDP_RPCH,Real GDP growth (percent change),A,2024,2.505
Hong Kong,HKG,NGDP_RPCH,Real GDP growth (percent change),A,2025,2.438
Hong Kong,HKG,NGDP_RPCH,Real GDP growth (percent change),A,2026,2.122
India,IND,NGDPD,"GDP, current prices (U.S. dollars)",A,2015,2103588000000
India,IND,NGDPD,"GDP, current prices (U.S. dollars)",A,2016,2294797000000
India,IND,NGDPD,"GDP, current prices (U.S. dollars)",A,2017,2651474000000
India,IND,NGDPD,"GDP, current prices (U.S. dollars)",A,2018,2702930000000
India,IND,NGDPD,"GDP, current prices (U.S. dollars)",A,2019,2835606000000
India,IND,NGDPD,"GDP, current prices (U.S. dollars)",A,2020,2674852000000
India,IND,NGDPD,"GDP, current prices (U.S. dollars)",A,2021,3167271000000
India,IND,NGDPD,"GDP, current prices (U.S. dollars)",A,2022,3346107000000
India,IND,NGDPD,"GDP, current prices (U.S. dollars)",A,2023,3638490000000
India,IND,NGDPD,"GDP, current prices (U.S. dollars)",A,2024,3909892000000
India,IND,NGDPD,"GDP, current prices (U.S. dollars)",A,2025,4125213000000
India,IND,NGDPD,"GDP, current prices (U.S. dollars)",A,2026,4505629000000
India,IND,NGDPD_PCH,"Nominal GDP growth (percent change, derived from NGDPD)",A,2016,9.089660
India,IND,NGDPD_PCH,"Nominal GDP growth (percent change, derived from NGDPD)",A,2017,15.542856
India,IND,NGDPD_PCH,"Nominal GDP growth (percent change, derived from NGDPD)",A,2018,1.940656
India,IND,NGDPD_PCH,"Nominal GDP growth (percent change, derived from NGDPD)",A,2019,4.908599
India,IND,NGDPD_PCH,"Nominal GDP growth (percent change, derived from NGDPD)",A,2020,-5.669123
India,IND,NGDPD_PCH,"Nominal GDP growth (percent change, derived from NGDPD)",A,2021,18.409205
India,IND,NGDPD_PCH,"Nominal GDP growth (percent change, derived from NGDPD)",A,2022,5.646375
India,IND,NGDPD_PCH,"Nominal GDP growth (percent change, derived from NGDPD)",A,2023,8.738005
India,IND,NGDPD_PCH,"Nominal GDP growth (percent change, derived from NGDPD)",A,2024,7.459193
India,IND,NGDPD_PCH,"Nominal GDP growth (percent change, derived from NGDPD)",A,2025,5.507083
India,IND,NGDPD_PCH,"Nominal GDP growth (percent change, derived from NGDPD)",A,2026,9.221730
India,IND,NGDP_RPCH,Real GDP growth (percent change),A,2015,7.996
India,IND,NGDP_RPCH,Real GDP growth (percent change),A,2016,8.256
India,IND,NGDP_RPCH,Real GDP growth (percent change),A,2017,6.795
India,IND,NGDP_RPCH,Real GDP growth (percent change),A,2018,6.454
India,IND,NGDP_RPCH,Real GDP growth (percent change),A,2019,3.871
India,IND,NGDP_RPCH,Real GDP growth (percent change),A,2020,-5.778
India,IND,NGDP_RPCH,Real GDP growth (percent change),A,2021,9.69
India,IND,NGDP_RPCH,Real GDP growth (percent change),A,2022,7.609
India,IND,NGDP_RPCH,Real GDP growth (percent change),A,2023,9.191
India,IND,NGDP_RPCH,Real GDP growth (percent change),A,2024,6.495
India,IND,NGDP_RPCH,Real GDP growth (percent change),A,2025,6.646
India,IND,NGDP_RPCH,Real GDP growth (percent change),A,2026,6.159
Indonesia,IDN,NGDPD,"GDP, current prices (U.S. dollars)",A,2015,860854000000
Indonesia,IDN,NGDPD,"GDP, current prices (U.S. dollars)",A,2016,931877000000
Indonesia,IDN,NGDPD,"GDP, current prices (U.S. dollars)",A,2017,1015619000000
Indonesia,IDN,NGDPD,"GDP, current prices (U.S. dollars)",A,2018,1042272000000
Indonesia,IDN,NGDPD,"GDP, current prices (U.S. dollars)",A,2019,1119100000000
Indonesia,IDN,NGDPD,"GDP, current prices (U.S. dollars)",A,2020,1059055000000
Indonesia,IDN,NGDPD,"GDP, current prices (U.S. dollars)",A,2021,1186510000000
Indonesia,IDN,NGDPD,"GDP, current prices (U.S. dollars)",A,2022,1319101000000
Indonesia,IDN,NGDPD,"GDP, current prices (U.S. dollars)",A,2023,1371169000000
Indonesia,IDN,NGDPD,"GDP, current prices (U.S. dollars)",A,2024,1396300000000
Indonesia,IDN,NGDPD,"GDP, current prices (U.S. dollars)",A,2025,1443256000000
Indonesia,IDN,NGDPD,"GDP, current prices (U.S. dollars)",A,2026,1550236000000
Indonesia,IDN,NGDPD_PCH,"Nominal GDP growth (percent change, derived from NGDPD)",A,2016,8.250296
Indonesia,IDN,NGDPD_PCH,"Nominal GDP growth (percent change, derived from NGDPD)",A,2017,8.986379
Indonesia,IDN,NGDPD_PCH,"Nominal GDP growth (percent change, derived from NGDPD)",A,2018,2.624311
Indonesia,IDN,NGDPD_PCH,"Nominal GDP growth (percent change, derived from NGDPD)",A,2019,7.371204
Indonesia,IDN,NGDPD_PCH,"Nominal GDP growth (percent change, derived from NGDPD)",A,2020,-5.365472
Indonesia,IDN,NGDPD_PCH,"Nominal GDP growth (percent change, derived from NGDPD)",A,2021,12.034786
Indonesia,IDN,NGDPD_PCH,"Nominal GDP growth (percent change, derived from NGDPD)",A,2022,11.174874
Indonesia,IDN,NGDPD_PCH,"Nominal GDP growth (percent change, derived from NGDPD)",A,2023,3.947234
Indonesia,IDN,NGDPD_PCH,"Nominal GDP growth (percent change, derived from NGDPD)",A,2024,1.832816
Indonesia,IDN,NGDPD_PCH,"Nominal GDP growth (percent change, derived from NGDPD)",A,2025,3.362888
Indonesia,IDN,NGDPD_PCH,"Nominal GDP growth (percent change, derived from NGDPD)",A,2026,7.412406
Indonesia,IDN,NGDP_RPCH,Real GDP growth (percent change),A,2015,4.876
Indonesia,IDN,NGDP_RPCH,Real GDP growth (percent change),A,2016,5.033
Indonesia,IDN,NGDP_RPCH,Real GDP growth (percent change),A,2017,5.07
Indonesia,IDN,NGDP_RPCH,Real GDP growth (percent change),A,2018,5.174
Indonesia,IDN,NGDP_RPCH,Real GDP growth (percent change),A,2019,5.019
Indonesia,IDN,NGDP_RPCH,Real GDP growth (percent change),A,2020,-2.066
Indonesia,IDN,NGDP_RPCH,Real GDP growth (percent change),A,2021,3.703
Indonesia,IDN,NGDP_RPCH,Real GDP growth (percent change),A,2022,5.307
Indonesia,IDN,NGDP_RPCH,Real GDP growth (percent change),A,2023,5.049
Indonesia,IDN,NGDP_RPCH,Real GDP growth (percent change),A,2024,5.03
Indonesia,IDN,NGDP_RPCH,Real GDP growth (percent change),A,2025,4.861
Indonesia,IDN,NGDP_RPCH,Real GDP growth (percent change),A,2026,4.942
Italy,ITA,NGDPD,"GDP, current prices (U.S. dollars)",A,2015,1845615000000
Italy,ITA,NGDPD,"GDP, current prices (U.S. dollars)",A,2016,1886590000000
Italy,ITA,NGDPD,"GDP, current prices (U.S. dollars)",A,2017,1970027000000
Italy,ITA,NGDPD,"GDP, current prices (U.S. dollars)",A,2018,2100387000000
Italy,ITA,NGDPD,"GDP, current prices (U.S. dollars)",A,2019,2019831000000
Italy,ITA,NGDPD,"GDP, current prices (U.S. dollars)",A,2020,1905956000000
Italy,ITA,NGDPD,"GDP, current prices (U.S. dollars)",A,2021,2180657000000
Italy,ITA,NGDPD,"GDP, current prices (U.S. dollars)",A,2022,2105723000000
Italy,ITA,NGDPD,"GDP, current prices (U.S. dollars)",A,2023,2305270000000
Italy,ITA,NGDPD,"GDP, current prices (U.S. dollars)",A,2024,2372059000000
Italy,ITA,NGDPD,"GDP, current prices (U.S. dollars)",A,2025,2543677000000
Italy,ITA,NGDPD,"GDP, current prices (U.S. dollars)",A,2026,2701544000000
Italy,ITA,NGDPD_PCH,"Nominal GDP growth (percent change, derived from NGDPD)",A,2016,2.220127
Italy,ITA,NGDPD_PCH,"Nominal GDP growth (percent change, derived from NGDPD)",A,2017,4.422636
Italy,ITA,NGDPD_PCH,"Nominal GDP growth (percent change, derived from NGDPD)",A,2018,6.617168
Italy,ITA,NGDPD_PCH,"Nominal GDP growth (percent change, derived from NGDPD)",A,2019,-3.835293
Italy,ITA,NGDPD_PCH,"Nominal GDP growth (percent change, derived from NGDPD)",A,2020,-5.637848
Italy,ITA,NGDPD_PCH,"Nominal GDP growth (percent change, derived from NGDPD)",A,2021,14.412767
Italy,ITA,NGDPD_PCH,"Nominal GDP growth (percent change, derived from NGDPD)",A,2022,-3.436304
Italy,ITA,NGDPD_PCH,"Nominal GDP growth (percent change, derived from NGDPD)",A,2023,9.476413
Italy,ITA,NGDPD_PCH,"Nominal GDP growth (percent change, derived from NGDPD)",A,2024,2.897231
Italy,ITA,NGDPD_PCH,"Nominal GDP growth (percent change, derived from NGDPD)",A,2025,7.234980
Italy,ITA,NGDPD_PCH,"Nominal GDP growth (percent change, derived from NGDPD)",A,2026,6.206252
Italy,ITA,NGDP_RPCH,Real GDP growth (percent change),A,2015,0.886
Italy,ITA,NGDP_RPCH,Real GDP growth (percent change),A,2016,1.236
Italy,ITA,NGDP_RPCH,Real GDP growth (percent change),A,2017,1.604
Italy,ITA,NGDP_RPCH,Real GDP growth (percent change),A,2018,0.827
Italy,ITA,NGDP_RPCH,Real GDP growth (percent change),A,2019,0.429
Italy,ITA,NGDP_RPCH,Real GDP growth (percent change),A,2020,-8.868
Italy,ITA,NGDP_RPCH,Real GDP growth (percent change),A,2021,8.931
Italy,ITA,NGDP_RPCH,Real GDP growth (percent change),A,2022,4.821
Italy,ITA,NGDP_RPCH,Real GDP growth (percent change),A,2023,0.715
Italy,ITA,NGDP_RPCH,Real GDP growth (percent change),A,2024,0.726
Italy,ITA,NGDP_RPCH,Real GDP growth (percent change),A,2025,0.546
Italy,ITA,NGDP_RPCH,Real GDP growth (percent change),A,2026,0.759
Japan,JPN,NGDPD,"GDP, current prices (U.S. dollars)",A,2015,4444931000000
Japan,JPN,NGDPD,"GDP, current prices (U.S. dollars)",A,2016,5003678000000
Japan,JPN,NGDPD,"GDP, current prices (U.S. dollars)",A,2017,4930837000000
Japan,JPN,NGDPD,"GDP, current prices (U.S. dollars)",A,2018,5040881000000
Japan,JPN,NGDPD,"GDP, current prices (U.S. dollars)",A,2019,5117995000000
Japan,JPN,NGDPD,"GDP, current prices (U.S. dollars)",A,2020,5054069000000
Japan,JPN,NGDPD,"GDP, current prices (U.S. dollars)",A,2021,5039148000000
Japan,JPN,NGDPD,"GDP, current prices (U.S. dollars)",A,2022,4263231000000
Japan,JPN,NGDPD,"GDP, current prices (U.S. dollars)",A,2023,4204573000000
Japan,JPN,NGDPD,"GDP, current prices (U.S. dollars)",A,2024,4019382000000
Japan,JPN,NGDPD,"GDP, current prices (U.S. dollars)",A,2025,4279828000000
Japan,JPN,NGDPD,"GDP, current prices (U.S. dollars)",A,2026,4463634000000
Japan,JPN,NGDPD_PCH,"Nominal GDP growth (percent change, derived from NGDPD)",A,2016,12.570431
Japan,JPN,NGDPD_PCH,"Nominal GDP growth (percent change, derived from NGDPD)",A,2017,-1.455749
Japan,JPN,NGDPD_PCH,"Nominal GDP growth (percent change, derived from NGDPD)",A,2018,2.231751
Japan,JPN,NGDPD_PCH,"Nominal GDP growth (percent change, derived from NGDPD)",A,2019,1.529772
Japan,JPN,NGDPD_PCH,"Nominal GDP growth (percent change, derived from NGDPD)",A,2020,-1.249044
Japan,JPN,NGDPD_PCH,"Nominal GDP growth (percent change, derived from NGDPD)",A,2021,-0.295227
Japan,JPN,NGDPD_PCH,"Nominal GDP growth (percent change, derived from NGDPD)",A,2022,-15.397782
Japan,JPN,NGDPD_PCH,"Nominal GDP growth (percent change, derived from NGDPD)",A,2023,-1.375905
Japan,JPN,NGDPD_PCH,"Nominal GDP growth (percent change, derived from NGDPD)",A,2024,-4.404514
Japan,JPN,NGDPD_PCH,"Nominal GDP growth (percent change, derived from NGDPD)",A,2025,6.479752
Japan,JPN,NGDPD_PCH,"Nominal GDP growth (percent change, derived from NGDPD)",A,2026,4.294705
Japan,JPN,NGDP_RPCH,Real GDP growth (percent change),A,2015,1.561
Japan,JPN,NGDP_RPCH,Real GDP growth (percent change),A,2016,0.754
Japan,JPN,NGDP_RPCH,Real GDP growth (percent change),A,2017,1.675
Japan,JPN,NGDP_RPCH,Real GDP growth (percent change),A,2018,0.643
Japan,JPN,NGDP_RPCH,Real GDP growth (percent change),A,2019,-0.402
Japan,JPN,NGDP_RPCH,Real GDP growth (percent change),A,2020,-4.169
Japan,JPN,NGDP_RPCH,Real GDP growth (percent change),A,2021,2.697
Japan,JPN,NGDP_RPCH,Real GDP growth (percent change),A,2022,0.96
Japan,JPN,NGDP_RPCH,Real GDP growth (percent change),A,2023,1.245
Japan,JPN,NGDP_RPCH,Real GDP growth (percent change),A,2024,0.104
Japan,JPN,NGDP_RPCH,Real GDP growth (percent change),A,2025,1.076
Japan,JPN,NGDP_RPCH,Real GDP growth (percent change),A,2026,0.633
Kuwait,KWT,NGDPD,"GDP, current prices (U.S. dollars)",A,2015,114606000000
Kuwait,KWT,NGDPD,"GDP, current prices (U.S. dollars)",A,2016,109399000000
Kuwait,KWT,NGDPD,"GDP, current prices (U.S. dollars)",A,2017,120688000000
Kuwait,KWT,NGDPD,"GDP, current prices (U.S. dollars)",A,2018,138655000000
Kuwait,KWT,NGDPD,"GDP, current prices (U.S. dollars)",A,2019,140855000000
Kuwait,KWT,NGDPD,"GDP, current prices (U.S. dollars)",A,2020,111048000000
Kuwait,KWT,NGDPD,"GDP, current prices (U.S. dollars)",A,2021,148346000000
Kuwait,KWT,NGDPD,"GDP, current prices (U.S. dollars)",A,2022,183539000000
Kuwait,KWT,NGDPD,"GDP, current prices (U.S. dollars)",A,2023,165396000000
Kuwait,KWT,NGDPD,"GDP, current prices (U.S. dollars)",A,2024,160226000000
Kuwait,KWT,NGDPD,"GDP, current prices (U.S. dollars)",A,2025,157469000000
Kuwait,KWT,NGDPD,"GDP, current prices (U.S. dollars)",A,2026,162895000000
Kuwait,KWT,NGDPD_PCH,"Nominal GDP growth (percent change, derived from NGDPD)",A,2016,-4.543392
Kuwait,KWT,NGDPD_PCH,"Nominal GDP growth (percent change, derived from NGDPD)",A,2017,10.319107
Kuwait,KWT,NGDPD_PCH,"Nominal GDP growth (percent change, derived from NGDPD)",A,2018,14.887147
Kuwait,KWT,NGDPD_PCH,"Nominal GDP growth (percent change, derived from NGDPD)",A,2019,1.586672
Kuwait,KWT,NGDPD_PCH,"Nominal GDP growth (percent change, derived from NGDPD)",A,2020,-21.161478
Kuwait,KWT,NGDPD_PCH,"Nominal GDP growth (percent change, derived from NGDPD)",A,2021,33.587278
Kuwait,KWT,NGDPD_PCH,"Nominal GDP growth (percent change, derived from NGDPD)",A,2022,23.723592
Kuwait,KWT,NGDPD_PCH,"Nominal GDP growth (percent change, derived from NGDPD)",A,2023,-9.885093
Kuwait,KWT,NGDPD_PCH,"Nominal GDP growth (percent change, derived from NGDPD)",A,2024,-3.125831
Kuwait,KWT,NGDPD_PCH,"Nominal GDP growth (percent change, derived from NGDPD)",A,2025,-1.720695
Kuwait,KWT,NGDPD_PCH,"Nominal GDP growth (percent change, derived from NGDPD)",A,2026,3.445758
Kuwait,KWT,NGDP_RPCH,Real GDP growth (percent change),A,2015,0.593
Kuwait,KWT,NGDP_RPCH,Real GDP growth (percent change),A,2016,2.926
Kuwait,KWT,NGDP_RPCH,Real GDP growth (percent change),A,2017,-4.712
Kuwait,KWT,NGDP_RPCH,Real GDP growth (percent change),A,2018,2.743
Kuwait,KWT,NGDP_RPCH,Real GDP growth (percent change),A,2019,2.264
Kuwait,KWT,NGDP_RPCH,Real GDP growth (percent change),A,2020,-4.817
Kuwait,KWT,NGDP_RPCH,Real GDP growth (percent change),A,2021,1.672
Kuwait,KWT,NGDP_RPCH,Real GDP growth (percent change),A,2022,6.759
Kuwait,KWT,NGDP_RPCH,Real GDP growth (percent change),A,2023,-1.667
Kuwait,KWT,NGDP_RPCH,Real GDP growth (percent change),A,2024,-2.56
Kuwait,KWT,NGDP_RPCH,Real GDP growth (percent change),A,2025,2.574
Kuwait,KWT,NGDP_RPCH,Real GDP growth (percent change),A,2026,3.927
Malaysia,MYS,NGDPD,"GDP, current prices (U.S. dollars)",A,2015,301355000000
Malaysia,MYS,NGDPD,"GDP, current prices (U.S. dollars)",A,2016,301256000000
Malaysia,MYS,NGDPD,"GDP, current prices (U.S. dollars)",A,2017,319109000000
Malaysia,MYS,NGDPD,"GDP, current prices (U.S. dollars)",A,2018,358783000000
Malaysia,MYS,NGDPD,"GDP, current prices (U.S. dollars)",A,2019,365178000000
Malaysia,MYS,NGDPD,"GDP, current prices (U.S. dollars)",A,2020,337456000000
Malaysia,MYS,NGDPD,"GDP, current prices (U.S. dollars)",A,2021,373785000000
Malaysia,MYS,NGDPD,"GDP, current prices (U.S. dollars)",A,2022,407830000000
Malaysia,MYS,NGDPD,"GDP, current prices (U.S. dollars)",A,2023,399949000000
Malaysia,MYS,NGDPD,"GDP, current prices (U.S. dollars)",A,2024,422227000000
Malaysia,MYS,NGDPD,"GDP, current prices (U.S. dollars)",A,2025,470572000000
Malaysia,MYS,NGDPD,"GDP, current prices (U.S. dollars)",A,2026,505364000000
Malaysia,MYS,NGDPD_PCH,"Nominal GDP growth (percent change, derived from NGDPD)",A,2016,-0.032852
Malaysia,MYS,NGDPD_PCH,"Nominal GDP growth (percent change, derived from NGDPD)",A,2017,5.926189
Malaysia,MYS,NGDPD_PCH,"Nominal GDP growth (percent change, derived from NGDPD)",A,2018,12.432742
Malaysia,MYS,NGDPD_PCH,"Nominal GDP growth (percent change, derived from NGDPD)",A,2019,1.782414
Malaysia,MYS,NGDPD_PCH,"Nominal GDP growth (percent change, derived from NGDPD)",A,2020,-7.591366
Malaysia,MYS,NGDPD_PCH,"Nominal GDP growth (percent change, derived from NGDPD)",A,2021,10.765552
Malaysia,MYS,NGDPD_PCH,"Nominal GDP growth (percent change, derived from NGDPD)",A,2022,9.108177
Malaysia,MYS,NGDPD_PCH,"Nominal GDP growth (percent change, derived from NGDPD)",A,2023,-1.932423
Malaysia,MYS,NGDPD_PCH,"Nominal GDP growth (percent change, derived from NGDPD)",A,2024,5.570210
Malaysia,MYS,NGDPD_PCH,"Nominal GDP growth (percent change, derived from NGDPD)",A,2025,11.450002
Malaysia,MYS,NGDPD_PCH,"Nominal GDP growth (percent change, derived from NGDPD)",A,2026,7.393555
Malaysia,MYS,NGDP_RPCH,Real GDP growth (percent change),A,2015,5.007
Malaysia,MYS,NGDP_RPCH,Real GDP growth (percent change),A,2016,4.45
Malaysia,MYS,NGDP_RPCH,Real GDP growth (percent change),A,2017,5.813
Malaysia,MYS,NGDP_RPCH,Real GDP growth (percent change),A,2018,4.843
Malaysia,MYS,NGDP_RPCH,Real GDP growth (percent change),A,2019,4.413
Malaysia,MYS,NGDP_RPCH,Real GDP growth (percent change),A,2020,-5.457
Malaysia,MYS,NGDP_RPCH,Real GDP growth (percent change),A,2021,3.315
Malaysia,MYS,NGDP_RPCH,Real GDP growth (percent change),A,2022,9.032
Malaysia,MYS,NGDP_RPCH,Real GDP growth (percent change),A,2023,3.537
Malaysia,MYS,NGDP_RPCH,Real GDP growth (percent change),A,2024,5.105
Malaysia,MYS,NGDP_RPCH,Real GDP growth (percent change),A,2025,4.5
Malaysia,MYS,NGDP_RPCH,Real GDP growth (percent change),A,2026,4
Mexico,MEX,NGDPD,"GDP, current prices (U.S. dollars)",A,2015,1213294000000
Mexico,MEX,NGDPD,"GDP, current prices (U.S. dollars)",A,2016,1112233000000
Mexico,MEX,NGDPD,"GDP, current prices (U.S. dollars)",A,2017,1190721000000
Mexico,MEX,NGDPD,"GDP, current prices (U.S. dollars)",A,2018,1256300000000
Mexico,MEX,NGDPD,"GDP, current prices (U.S. dollars)",A,2019,1304106000000
Mexico,MEX,NGDPD,"GDP, current prices (U.S. dollars)",A,2020,1121065000000
Mexico,MEX,NGDPD,"GDP, current prices (U.S. dollars)",A,2021,1316569000000
Mexico,MEX,NGDPD,"GDP, current prices (U.S. dollars)",A,2022,1466935000000
Mexico,MEX,NGDPD,"GDP, current prices (U.S. dollars)",A,2023,1798318000000
Mexico,MEX,NGDPD,"GDP, current prices (U.S. dollars)",A,2024,1856366000000
Mexico,MEX,NGDPD,"GDP, current prices (U.S. dollars)",A,2025,1862740000000
Mexico,MEX,NGDPD,"GDP, current prices (U.S. dollars)",A,2026,2030999000000
Mexico,MEX,NGDPD_PCH,"Nominal GDP growth (percent change, derived from NGDPD)",A,2016,-8.329473
Mexico,MEX,NGDPD_PCH,"Nominal GDP growth (percent change, derived from NGDPD)",A,2017,7.056795
Mexico,MEX,NGDPD_PCH,"Nominal GDP growth (percent change, derived from NGDPD)",A,2018,5.507503
Mexico,MEX,NGDPD_PCH,"Nominal GDP growth (percent change, derived from NGDPD)",A,2019,3.805301
Mexico,MEX,NGDPD_PCH,"Nominal GDP growth (percent change, derived from NGDPD)",A,2020,-14.035746
Mexico,MEX,NGDPD_PCH,"Nominal GDP growth (percent change, derived from NGDPD)",A,2021,17.439132
Mexico,MEX,NGDPD_PCH,"Nominal GDP growth (percent change, derived from NGDPD)",A,2022,11.421050
Mexico,MEX,NGDPD_PCH,"Nominal GDP growth (percent change, derived from NGDPD)",A,2023,22.590162
Mexico,MEX,NGDPD_PCH,"Nominal GDP growth (percent change, derived from NGDPD)",A,2024,3.227905
Mexico,MEX,NGDPD_PCH,"Nominal GDP growth (percent change, derived from NGDPD)",A,2025,0.343359
Mexico,MEX,NGDPD_PCH,"Nominal GDP growth (percent change, derived from NGDPD)",A,2026,9.032876
Mexico,MEX,NGDP_RPCH,Real GDP growth (percent change),A,2015,2.702
Mexico,MEX,NGDP_RPCH,Real GDP growth (percent change),A,2016,1.772
Mexico,MEX,NGDP_RPCH,Real GDP growth (percent change),A,2017,1.872
Mexico,MEX,NGDP_RPCH,Real GDP growth (percent change),A,2018,1.972
Mexico,MEX,NGDP_RPCH,Real GDP growth (percent change),A,2019,-0.393
Mexico,MEX,NGDP_RPCH,Real GDP growth (percent change),A,2020,-8.354
Mexico,MEX,NGDP_RPCH,Real GDP growth (percent change),A,2021,6.048
Mexico,MEX,NGDP_RPCH,Real GDP growth (percent change),A,2022,3.71
Mexico,MEX,NGDP_RPCH,Real GDP growth (percent change),A,2023,3.354
Mexico,MEX,NGDP_RPCH,Real GDP growth (percent change),A,2024,1.427
Mexico,MEX,NGDP_RPCH,Real GDP growth (percent change),A,2025,0.99
Mexico,MEX,NGDP_RPCH,Real GDP growth (percent change),A,2026,1.544
Netherlands,NLD,NGDPD,"GDP, current prices (U.S. dollars)",A,2015,775822000000
Netherlands,NLD,NGDPD,"GDP, current prices (U.S. dollars)",A,2016,796944000000
Netherlands,NLD,NGDPD,"GDP, current prices (U.S. dollars)",A,2017,847934000000
Netherlands,NLD,NGDPD,"GDP, current prices (U.S. dollars)",A,2018,930155000000
Netherlands,NLD,NGDPD,"GDP, current prices (U.S. dollars)",A,2019,929006000000
Netherlands,NLD,NGDPD,"GDP, current prices (U.S. dollars)",A,2020,931814000000
Netherlands,NLD,NGDPD,"GDP, current prices (U.S. dollars)",A,2021,1055173000000
Netherlands,NLD,NGDPD,"GDP, current prices (U.S. dollars)",A,2022,1047364000000
Netherlands,NLD,NGDPD,"GDP, current prices (U.S. dollars)",A,2023,1135803000000
Netherlands,NLD,NGDPD,"GDP, current prices (U.S. dollars)",A,2024,1214562000000
Netherlands,NLD,NGDPD,"GDP, current prices (U.S. dollars)",A,2025,1320635000000
Netherlands,NLD,NGDPD,"GDP, current prices (U.S. dollars)",A,2026,1413076000000
Netherlands,NLD,NGDPD_PCH,"Nominal GDP growth (percent change, derived from NGDPD)",A,2016,2.722532
Netherlands,NLD,NGDPD_PCH,"Nominal GDP growth (percent change, derived from NGDPD)",A,2017,6.398191
Netherlands,NLD,NGDPD_PCH,"Nominal GDP growth (percent change, derived from NGDPD)",A,2018,9.696627
Netherlands,NLD,NGDPD_PCH,"Nominal GDP growth (percent change, derived from NGDPD)",A,2019,-0.123528
Netherlands,NLD,NGDPD_PCH,"Nominal GDP growth (percent change, derived from NGDPD)",A,2020,0.302259
Netherlands,NLD,NGDPD_PCH,"Nominal GDP growth (percent change, derived from NGDPD)",A,2021,13.238586
Netherlands,NLD,NGDPD_PCH,"Nominal GDP growth (percent change, derived from NGDPD)",A,2022,-0.740068
Netherlands,NLD,NGDPD_PCH,"Nominal GDP growth (percent change, derived from NGDPD)",A,2023,8.443960
Netherlands,NLD,NGDPD_PCH,"Nominal GDP growth (percent change, derived from NGDPD)",A,2024,6.934213
Netherlands,NLD,NGDPD_PCH,"Nominal GDP growth (percent change, derived from NGDPD)",A,2025,8.733436
Netherlands,NLD,NGDPD_PCH,"Nominal GDP growth (percent change, derived from NGDPD)",A,2026,6.999739
Netherlands,NLD,NGDP_RPCH,Real GDP growth (percent change),A,2015,2.121
Netherlands,NLD,NGDP_RPCH,Real GDP growth (percent change),A,2016,2.425
Netherlands,NLD,NGDP_RPCH,Real GDP growth (percent change),A,2017,2.783
Netherlands,NLD,NGDP_RPCH,Real GDP growth (percent change),A,2018,2.26
Netherlands,NLD,NGDP_RPCH,Real GDP growth (percent change),A,2019,2.3
Netherlands,NLD,NGDP_RPCH,Real GDP growth (percent change),A,2020,-3.877
Netherlands,NLD,NGDP_RPCH,Real GDP growth (percent change),A,2021,6.278
Netherlands,NLD,NGDP_RPCH,Real GDP growth (percent change),A,2022,5.007
Netherlands,NLD,NGDP_RPCH,Real GDP growth (percent change),A,2023,-0.601
Netherlands,NLD,NGDP_RPCH,Real GDP growth (percent change),A,2024,1.08
Netherlands,NLD,NGDP_RPCH,Real GDP growth (percent change),A,2025,1.433
Netherlands,NLD,NGDP_RPCH,Real GDP growth (percent change),A,2026,1.222
Pakistan,PAK,NGDPD,"GDP, current prices (U.S. dollars)",A,2015,299930000000
Pakistan,PAK,NGDPD,"GDP, current prices (U.S. dollars)",A,2016,313623000000
Pakistan,PAK,NGDPD,"GDP, current prices (U.S. dollars)",A,2017,339229000000
Pakistan,PAK,NGDPD,"GDP, current prices (U.S. dollars)",A,2018,356163000000
Pakistan,PAK,NGDPD,"GDP, current prices (U.S. dollars)",A,2019,321071000000
Pakistan,PAK,NGDPD,"GDP, current prices (U.S. dollars)",A,2020,300410000000
Pakistan,PAK,NGDPD,"GDP, current prices (U.S. dollars)",A,2021,348481000000
Pakistan,PAK,NGDPD,"GDP, current prices (U.S. dollars)",A,2022,374850000000
Pakistan,PAK,NGDPD,"GDP, current prices (U.S. dollars)",A,2023,336555000000
Pakistan,PAK,NGDPD,"GDP, current prices (U.S. dollars)",A,2024,371408000000
Pakistan,PAK,NGDPD,"GDP, current prices (U.S. dollars)",A,2025,410495000000
Pakistan,PAK,NGDPD_PCH,"Nominal GDP growth (percent change, derived from NGDPD)",A,2016,4.565399
Pakistan,PAK,NGDPD_PCH,"Nominal GDP growth (percent change, derived from NGDPD)",A,2017,8.164580
Pakistan,PAK,NGDPD_PCH,"Nominal GDP growth (percent change, derived from NGDPD)",A,2018,4.991908
Pakistan,PAK,NGDPD_PCH,"Nominal GDP growth (percent change, derived from NGDPD)",A,2019,-9.852792
Pakistan,PAK,NGDPD_PCH,"Nominal GDP growth (percent change, derived from NGDPD)",A,2020,-6.435025
Pakistan,PAK,NGDPD_PCH,"Nominal GDP growth (percent change, derived from NGDPD)",A,2021,16.001798
Pakistan,PAK,NGDPD_PCH,"Nominal GDP growth (percent change, derived from NGDPD)",A,2022,7.566840
Pakistan,PAK,NGDPD_PCH,"Nominal GDP growth (percent change, derived from NGDPD)",A,2023,-10.216086
Pakistan,PAK,NGDPD_PCH,"Nominal GDP growth (percent change, derived from NGDPD)",A,2024,10.355811
Pakistan,PAK,NGDPD_PCH,"Nominal GDP growth (percent change, derived from NGDPD)",A,2025,10.524006
Pakistan,PAK,NGDP_RPCH,Real GDP growth (percent change),A,2015,3.812
Pakistan,PAK,NGDP_RPCH,Real GDP growth (percent change),A,2016,4.072
Pakistan,PAK,NGDP_RPCH,Real GDP growth (percent change),A,2017,4.609
Pakistan,PAK,NGDP_RPCH,Real GDP growth (percent change),A,2018,6.096
Pakistan,PAK,NGDP_RPCH,Real GDP growth (percent change),A,2019,3.12
Pakistan,PAK,NGDP_RPCH,Real GDP growth (percent change),A,2020,-0.943
Pakistan,PAK,NGDP_RPCH,Real GDP growth (percent change),A,2021,5.77
Pakistan,PAK,NGDP_RPCH,Real GDP growth (percent change),A,2022,6.18
Pakistan,PAK,NGDP_RPCH,Real GDP growth (percent change),A,2023,-0.212
Pakistan,PAK,NGDP_RPCH,Real GDP growth (percent change),A,2024,2.51
Pakistan,PAK,NGDP_RPCH,Real GDP growth (percent change),A,2025,2.676
Pakistan,PAK,NGDP_RPCH,Real GDP growth (percent change),A,2026,3.578
Philippines,PHL,NGDPD,"GDP, current prices (U.S. dollars)",A,2015,306446000000
Philippines,PHL,NGDPD,"GDP, current prices (U.S. dollars)",A,2016,318627000000
Philippines,PHL,NGDPD,"GDP, current prices (U.S. dollars)",A,2017,328481000000
Philippines,PHL,NGDPD,"GDP, current prices (U.S. dollars)",A,2018,346842000000
Philippines,PHL,NGDPD,"GDP, current prices (U.S. dollars)",A,2019,376823000000
Philippines,PHL,NGDPD,"GDP, current prices (U.S. dollars)",A,2020,361751000000
Philippines,PHL,NGDPD,"GDP, current prices (U.S. dollars)",A,2021,394087000000
Philippines,PHL,NGDPD,"GDP, current prices (U.S. dollars)",A,2022,404353000000
Philippines,PHL,NGDPD,"GDP, current prices (U.S. dollars)",A,2023,437055000000
Philippines,PHL,NGDPD,"GDP, current prices (U.S. dollars)",A,2024,461617000000
Philippines,PHL,NGDPD,"GDP, current prices (U.S. dollars)",A,2025,494158000000
Philippines,PHL,NGDPD,"GDP, current prices (U.S. dollars)",A,2026,533922000000
Philippines,PHL,NGDPD_PCH,"Nominal GDP growth (percent change, derived from NGDPD)",A,2016,3.974925
Philippines,PHL,NGDPD_PCH,"Nominal GDP growth (percent change, derived from NGDPD)",A,2017,3.092644
Philippines,PHL,NGDPD_PCH,"Nominal GDP growth (percent change, derived from NGDPD)",A,2018,5.589669
Philippines,PHL,NGDPD_PCH,"Nominal GDP growth (percent change, derived from NGDPD)",A,2019,8.643994
Philippines,PHL,NGDPD_PCH,"Nominal GDP growth (percent change, derived from NGDPD)",A,2020,-3.999756
Philippines,PHL,NGDPD_PCH,"Nominal GDP growth (percent change, derived from NGDPD)",A,2021,8.938745
Philippines,PHL,NGDPD_PCH,"Nominal GDP growth (percent change, derived from NGDPD)",A,2022,2.605009
Philippines,PHL,NGDPD_PCH,"Nominal GDP growth (percent change, derived from NGDPD)",A,2023,8.087488
Philippines,PHL,NGDPD_PCH,"Nominal GDP growth (percent change, derived from NGDPD)",A,2024,5.619888
Philippines,PHL,NGDPD_PCH,"Nominal GDP growth (percent change, derived from NGDPD)",A,2025,7.049350
Philippines,PHL,NGDPD_PCH,"Nominal GDP growth (percent change, derived from NGDPD)",A,2026,8.046819
Philippines,PHL,NGDP_RPCH,Real GDP growth (percent change),A,2015,6.348
Philippines,PHL,NGDP_RPCH,Real GDP growth (percent change),A,2016,7.149
Philippines,PHL,NGDP_RPCH,Real GDP growth (percent change),A,2017,6.931
Philippines,PHL,NGDP_RPCH,Real GDP growth (percent change),A,2018,6.341
Philippines,PHL,NGDP_RPCH,Real GDP growth (percent change),A,2019,6.119
Philippines,PHL,NGDP_RPCH,Real GDP growth (percent change),A,2020,-9.518
Philippines,PHL,NGDP_RPCH,Real GDP growth (percent change),A,2021,5.715
Philippines,PHL,NGDP_RPCH,Real GDP growth (percent change),A,2022,7.581
Philippines,PHL,NGDP_RPCH,Real GDP growth (percent change),A,2023,5.519
Philippines,PHL,NGDP_RPCH,Real GDP growth (percent change),A,2024,5.692
Philippines,PHL,NGDP_RPCH,Real GDP growth (percent change),A,2025,5.435
Philippines,PHL,NGDP_RPCH,Real GDP growth (percent change),A,2026,5.731
Poland,POL,NGDPD,"GDP, current prices (U.S. dollars)",A,2015,479729000000
Poland,POL,NGDPD,"GDP, current prices (U.S. dollars)",A,2016,472883000000
Poland,POL,NGDPD,"GDP, current prices (U.S. dollars)",A,2017,528497000000
Poland,POL,NGDPD,"GDP, current prices (U.S. dollars)",A,2018,594641000000
Poland,POL,NGDPD,"GDP, current prices (U.S. dollars)",A,2019,602592000000
Poland,POL,NGDPD,"GDP, current prices (U.S. dollars)",A,2020,605930000000
Poland,POL,NGDPD,"GDP, current prices (U.S. dollars)",A,2021,689253000000
Poland,POL,NGDPD,"GDP, current prices (U.S. dollars)",A,2022,695734000000
Poland,POL,NGDPD,"GDP, current prices (U.S. dollars)",A,2023,812959000000
Poland,POL,NGDPD,"GDP, current prices (U.S. dollars)",A,2024,914553000000
Poland,POL,NGDPD,"GDP, current prices (U.S. dollars)",A,2025,1039619000000
Poland,POL,NGDPD,"GDP, current prices (U.S. dollars)",A,2026,1109962000000
Poland,POL,NGDPD_PCH,"Nominal GDP growth (percent change, derived from NGDPD)",A,2016,-1.427056
Poland,POL,NGDPD_PCH,"Nominal GDP growth (percent change, derived from NGDPD)",A,2017,11.760626
Poland,POL,NGDPD_PCH,"Nominal GDP growth (percent change, derived from NGDPD)",A,2018,12.515492
Poland,POL,NGDPD_PCH,"Nominal GDP growth (percent change, derived from NGDPD)",A,2019,1.337109
Poland,POL,NGDPD_PCH,"Nominal GDP growth (percent change, derived from NGDPD)",A,2020,0.553940
Poland,POL,NGDPD_PCH,"Nominal GDP growth (percent change, derived from NGDPD)",A,2021,13.751258
Poland,POL,NGDPD_PCH,"Nominal GDP growth (percent change, derived from NGDPD)",A,2022,0.940293
Poland,POL,NGDPD_PCH,"Nominal GDP growth (percent change, derived from NGDPD)",A,2023,16.849112
Poland,POL,NGDPD_PCH,"Nominal GDP growth (percent change, derived from NGDPD)",A,2024,12.496817
Poland,POL,NGDPD_PCH,"Nominal GDP growth (percent change, derived from NGDPD)",A,2025,13.675096
Poland,POL,NGDPD_PCH,"Nominal GDP growth (percent change, derived from NGDPD)",A,2026,6.766229
Poland,POL,NGDP_RPCH,Real GDP growth (percent change),A,2015,4.432
Poland,POL,NGDP_RPCH,Real GDP growth (percent change),A,2016,3.031
Poland,POL,NGDP_RPCH,Real GDP growth (percent change),A,2017,5.152
Poland,POL,NGDP_RPCH,Real GDP growth (percent change),A,2018,6.246
Poland,POL,NGDP_RPCH,Real GDP growth (percent change),A,2019,4.581
Poland,POL,NGDP_RPCH,Real GDP growth (percent change),A,2020,-2.036
Poland,POL,NGDP_RPCH,Real GDP growth (percent change),A,2021,6.927
Poland,POL,NGDP_RPCH,Real GDP growth (percent change),A,2022,5.255
Poland,POL,NGDP_RPCH,Real GDP growth (percent change),A,2023,0.25
Poland,POL,NGDP_RPCH,Real GDP growth (percent change),A,2024,2.923
Poland,POL,NGDP_RPCH,Real GDP growth (percent change),A,2025,3.243
Poland,POL,NGDP_RPCH,Real GDP growth (percent change),A,2026,3.136
Saudi Arabia,SAU,NGDPD,"GDP, current prices (U.S. dollars)",A,2015,693415000000
Saudi Arabia,SAU,NGDPD,"GDP, current prices (U.S. dollars)",A,2016,689279000000
Saudi Arabia,SAU,NGDPD,"GDP, current prices (U.S. dollars)",A,2017,741266000000
Saudi Arabia,SAU,NGDPD,"GDP, current prices (U.S. dollars)",A,2018,886564000000
Saudi Arabia,SAU,NGDPD,"GDP, current prices (U.S. dollars)",A,2019,888888000000
Saudi Arabia,SAU,NGDPD,"GDP, current prices (U.S. dollars)",A,2020,767303000000
Saudi Arabia,SAU,NGDPD,"GDP, current prices (U.S. dollars)",A,2021,982661000000
Saudi Arabia,SAU,NGDPD,"GDP, current prices (U.S. dollars)",A,2022,1239075000000
Saudi Arabia,SAU,NGDPD,"GDP, current prices (U.S. dollars)",A,2023,1218585000000
Saudi Arabia,SAU,NGDPD,"GDP, current prices (U.S. dollars)",A,2024,1239805000000
Saudi Arabia,SAU,NGDPD,"GDP, current prices (U.S. dollars)",A,2025,1268535000000
Saudi Arabia,SAU,NGDPD,"GDP, current prices (U.S. dollars)",A,2026,1316250000000
Saudi Arabia,SAU,NGDPD_PCH,"Nominal GDP growth (percent change, derived from NGDPD)",A,2016,-0.596468
Saudi Arabia,SAU,NGDPD_PCH,"Nominal GDP growth (percent change, derived from NGDPD)",A,2017,7.542229
Saudi Arabia,SAU,NGDPD_PCH,"Nominal GDP growth (percent change, derived from NGDPD)",A,2018,19.601331
Saudi Arabia,SAU,NGDPD_PCH,"Nominal GDP growth (percent change, derived from NGDPD)",A,2019,0.262136
Saudi Arabia,SAU,NGDPD_PCH,"Nominal GDP growth (percent change, derived from NGDPD)",A,2020,-13.678326
Saudi Arabia,SAU,NGDPD_PCH,"Nominal GDP growth (percent change, derived from NGDPD)",A,2021,28.066878
Saudi Arabia,SAU,NGDPD_PCH,"Nominal GDP growth (percent change, derived from NGDPD)",A,2022,26.093841
Saudi Arabia,SAU,NGDPD_PCH,"Nominal GDP growth (percent change, derived from NGDPD)",A,2023,-1.653653
Saudi Arabia,SAU,NGDPD_PCH,"Nominal GDP growth (percent change, derived from NGDPD)",A,2024,1.741364
Saudi Arabia,SAU,NGDPD_PCH,"Nominal GDP growth (percent change, derived from NGDPD)",A,2025,2.317300
Saudi Arabia,SAU,NGDPD_PCH,"Nominal GDP growth (percent change, derived from NGDPD)",A,2026,3.761426
Saudi Arabia,SAU,NGDP_RPCH,Real GDP growth (percent change),A,2015,4.655
Saudi Arabia,SAU,NGDP_RPCH,Real GDP growth (percent change),A,2016,1.704
Saudi Arabia,SAU,NGDP_RPCH,Real GDP growth (percent change),A,2017,1.182
Saudi Arabia,SAU,NGDP_RPCH,Real GDP growth (percent change),A,2018,3.227
Saudi Arabia,SAU,NGDP_RPCH,Real GDP growth (percent change),A,2019,1.652
Saudi Arabia,SAU,NGDP_RPCH,Real GDP growth (percent change),A,2020,-3.805
Saudi Arabia,SAU,NGDP_RPCH,Real GDP growth (percent change),A,2021,6.52
Saudi Arabia,SAU,NGDP_RPCH,Real GDP growth (percent change),A,2022,12.001
Saudi Arabia,SAU,NGDP_RPCH,Real GDP growth (percent change),A,2023,0.543
Saudi Arabia,SAU,NGDP_RPCH,Real GDP growth (percent change),A,2024,1.997
Saudi Arabia,SAU,NGDP_RPCH,Real GDP growth (percent change),A,2025,4.021
Saudi Arabia,SAU,NGDP_RPCH,Real GDP growth (percent change),A,2026,3.978
Singapore,SGP,NGDPD,"GDP, current prices (U.S. dollars)",A,2015,307999000000
Singapore,SGP,NGDPD,"GDP, current prices (U.S. dollars)",A,2016,319646000000
Singapore,SGP,NGDPD,"GDP, current prices (U.S. dollars)",A,2017,343673000000
Singapore,SGP,NGDPD,"GDP, current prices (U.S. dollars)",A,2018,377124000000
Singapore,SGP,NGDPD,"GDP, current prices (U.S. dollars)",A,2019,376162000000
Singapore,SGP,NGDPD,"GDP, current prices (U.S. dollars)",A,2020,349166000000
Singapore,SGP,NGDPD,"GDP, current prices (U.S. dollars)",A,2021,436591000000
Singapore,SGP,NGDPD,"GDP, current prices (U.S. dollars)",A,2022,509018000000
Singapore,SGP,NGDPD,"GDP, current prices (U.S. dollars)",A,2023,505440000000
Singapore,SGP,NGDPD,"GDP, current prices (U.S. dollars)",A,2024,547387000000
Singapore,SGP,NGDPD,"GDP, current prices (U.S. dollars)",A,2025,574185000000
Singapore,SGP,NGDPD,"GDP, current prices (U.S. dollars)",A,2026,606225000000
Singapore,SGP,NGDPD_PCH,"Nominal GDP growth (percent change, derived from NGDPD)",A,2016,3.781506
Singapore,SGP,NGDPD_PCH,"Nominal GDP growth (percent change, derived from NGDPD)",A,2017,7.516753
Singapore,SGP,NGDPD_PCH,"Nominal GDP growth (percent change, derived from NGDPD)",A,2018,9.733380
Singapore,SGP,NGDPD_PCH,"Nominal GDP growth (percent change, derived from NGDPD)",A,2019,-0.255089
Singapore,SGP,NGDPD_PCH,"Nominal GDP growth (percent change, derived from NGDPD)",A,2020,-7.176695
Singapore,SGP,NGDPD_PCH,"Nominal GDP growth (percent change, derived from NGDPD)",A,2021,25.038234
Singapore,SGP,NGDPD_PCH,"Nominal GDP growth (percent change, derived from NGDPD)",A,2022,16.589210
Singapore,SGP,NGDPD_PCH,"Nominal GDP growth (percent change, derived from NGDPD)",A,2023,-0.702922
Singapore,SGP,NGDPD_PCH,"Nominal GDP growth (percent change, derived from NGDPD)",A,2024,8.299106
Singapore,SGP,NGDPD_PCH,"Nominal GDP growth (percent change, derived from NGDPD)",A,2025,4.895622
Singapore,SGP,NGDPD_PCH,"Nominal GDP growth (percent change, derived from NGDPD)",A,2026,5.580083
Singapore,SGP,NGDP_RPCH,Real GDP growth (percent change),A,2015,2.977
Singapore,SGP,NGDP_RPCH,Real GDP growth (percent change),A,2016,3.748
Singapore,SGP,NGDP_RPCH,Real GDP growth (percent change),A,2017,4.477
Singapore,SGP,NGDP_RPCH,Real GDP growth (percent change),A,2018,3.452
Singapore,SGP,NGDP_RPCH,Real GDP growth (percent change),A,2019,1.308
Singapore,SGP,NGDP_RPCH,Real GDP growth (percent change),A,2020,-3.815
Singapore,SGP,NGDP_RPCH,Real GDP growth (percent change),A,2021,9.757
Singapore,SGP,NGDP_RPCH,Real GDP growth (percent change),A,2022,4.108
Singapore,SGP,NGDP_RPCH,Real GDP growth (percent change),A,2023,1.821
Singapore,SGP,NGDP_RPCH,Real GDP growth (percent change),A,2024,4.388
Singapore,SGP,NGDP_RPCH,Real GDP growth (percent change),A,2025,2.226
Singapore,SGP,NGDP_RPCH,Real GDP growth (percent change),A,2026,1.823
South Africa,ZAF,NGDPD,"GDP, current prices (U.S. dollars)",A,2015,346663000000
South Africa,ZAF,NGDPD,"GDP, current prices (U.S. dollars)",A,2016,323493000000
South Africa,ZAF,NGDPD,"GDP, current prices (U.S. dollars)",A,2017,381317000000
South Africa,ZAF,NGDPD,"GDP, current prices (U.S. dollars)",A,2018,405093000000
South Africa,ZAF,NGDPD,"GDP, current prices (U.S. dollars)",A,2019,389245000000
South Africa,ZAF,NGDPD,"GDP, current prices (U.S. dollars)",A,2020,337876000000
South Africa,ZAF,NGDPD,"GDP, current prices (U.S. dollars)",A,2021,419878000000
South Africa,ZAF,NGDPD,"GDP, current prices (U.S. dollars)",A,2022,407430000000
South Africa,ZAF,NGDPD,"GDP, current prices (U.S. dollars)",A,2023,381334000000
South Africa,ZAF,NGDPD,"GDP, current prices (U.S. dollars)",A,2024,401076000000
South Africa,ZAF,NGDPD,"GDP, current prices (U.S. dollars)",A,2025,426383000000
South Africa,ZAF,NGDPD,"GDP, current prices (U.S. dollars)",A,2026,443643000000
South Africa,ZAF,NGDPD_PCH,"Nominal GDP growth (percent change, derived from NGDPD)",A,2016,-6.683725
South Africa,ZAF,NGDPD_PCH,"Nominal GDP growth (percent change, derived from NGDPD)",A,2017,17.874884
South Africa,ZAF,NGDPD_PCH,"Nominal GDP growth (percent change, derived from NGDPD)",A,2018,6.235232
South Africa,ZAF,NGDPD_PCH,"Nominal GDP growth (percent change, derived from NGDPD)",A,2019,-3.912188
South Africa,ZAF,NGDPD_PCH,"Nominal GDP growth (percent change, derived from NGDPD)",A,2020,-13.197087
South Africa,ZAF,NGDPD_PCH,"Nominal GDP growth (percent change, derived from NGDPD)",A,2021,24.269850
South Africa,ZAF,NGDPD_PCH,"Nominal GDP growth (percent change, derived from NGDPD)",A,2022,-2.964671
South Africa,ZAF,NGDPD_PCH,"Nominal GDP growth (percent change, derived from NGDPD)",A,2023,-6.405027
South Africa,ZAF,NGDPD_PCH,"Nominal GDP growth (percent change, derived from NGDPD)",A,2024,5.177089
South Africa,ZAF,NGDPD_PCH,"Nominal GDP growth (percent change, derived from NGDPD)",A,2025,6.309777
South Africa,ZAF,NGDPD_PCH,"Nominal GDP growth (percent change, derived from NGDPD)",A,2026,4.048004
South Africa,ZAF,NGDP_RPCH,Real GDP growth (percent change),A,2015,1.322
South Africa,ZAF,NGDP_RPCH,Real GDP growth (percent change),A,2016,0.665
South Africa,ZAF,NGDP_RPCH,Real GDP growth (percent change),A,2017,1.158
South Africa,ZAF,NGDP_RPCH,Real GDP growth (percent change),A,2018,1.557
South Africa,ZAF,NGDP_RPCH,Real GDP growth (percent change),A,2019,0.26
South Africa,ZAF,NGDP_RPCH,Real GDP growth (percent change),A,2020,-6.169
South Africa,ZAF,NGDP_RPCH,Real GDP growth (percent change),A,2021,4.859
South Africa,ZAF,NGDP_RPCH,Real GDP growth (percent change),A,2022,2.058
South Africa,ZAF,NGDP_RPCH,Real GDP growth (percent change),A,2023,0.806
South Africa,ZAF,NGDP_RPCH,Real GDP growth (percent change),A,2024,0.535
South Africa,ZAF,NGDP_RPCH,Real GDP growth (percent change),A,2025,1.149
South Africa,ZAF,NGDP_RPCH,Real GDP growth (percent change),A,2026,1.151
South Korea,KOR,NGDPD,"GDP, current prices (U.S. dollars)",A,2015,1539212000000
South Korea,KOR,NGDPD,"GDP, current prices (U.S. dollars)",A,2016,1578816000000
South Korea,KOR,NGDPD,"GDP, current prices (U.S. dollars)",A,2017,1710197000000
South Korea,KOR,NGDPD,"GDP, current prices (U.S. dollars)",A,2018,1824251000000
South Korea,KOR,NGDPD,"GDP, current prices (U.S. dollars)",A,2019,1751046000000
South Korea,KOR,NGDPD,"GDP, current prices (U.S. dollars)",A,2020,1744455000000
South Korea,KOR,NGDPD,"GDP, current prices (U.S. dollars)",A,2021,1942314000000
South Korea,KOR,NGDPD,"GDP, current prices (U.S. dollars)",A,2022,1799363000000
South Korea,KOR,NGDPD,"GDP, current prices (U.S. dollars)",A,2023,1844801000000
South Korea,KOR,NGDPD,"GDP, current prices (U.S. dollars)",A,2024,1875388000000
South Korea,KOR,NGDPD,"GDP, current prices (U.S. dollars)",A,2025,1858572000000
South Korea,KOR,NGDPD,"GDP, current prices (U.S. dollars)",A,2026,1936617000000
South Korea,KOR,NGDPD_PCH,"Nominal GDP growth (percent change, derived from NGDPD)",A,2016,2.573005
South Korea,KOR,NGDPD_PCH,"Nominal GDP growth (percent change, derived from NGDPD)",A,2017,8.321489
South Korea,KOR,NGDPD_PCH,"Nominal GDP growth (percent change, derived from NGDPD)",A,2018,6.669056
South Korea,KOR,NGDPD_PCH,"Nominal GDP growth (percent change, derived from NGDPD)",A,2019,-4.012880
South Korea,KOR,NGDPD_PCH,"Nominal GDP growth (percent change, derived from NGDPD)",A,2020,-0.376404
South Korea,KOR,NGDPD_PCH,"Nominal GDP growth (percent change, derived from NGDPD)",A,2021,11.342167
South Korea,KOR,NGDPD_PCH,"Nominal GDP growth (percent change, derived from NGDPD)",A,2022,-7.359830
South Korea,KOR,NGDPD_PCH,"Nominal GDP growth (percent change, derived from NGDPD)",A,2023,2.525227
South Korea,KOR,NGDPD_PCH,"Nominal GDP growth (percent change, derived from NGDPD)",A,2024,1.658011
South Korea,KOR,NGDPD_PCH,"Nominal GDP growth (percent change, derived from NGDPD)",A,2025,-0.896668
South Korea,KOR,NGDPD_PCH,"Nominal GDP growth (percent change, derived from NGDPD)",A,2026,4.199192
South Korea,KOR,NGDP_RPCH,Real GDP growth (percent change),A,2015,2.92
South Korea,KOR,NGDP_RPCH,Real GDP growth (percent change),A,2016,3.172
South Korea,KOR,NGDP_RPCH,Real GDP growth (percent change),A,2017,3.433
South Korea,KOR,NGDP_RPCH,Real GDP growth (percent change),A,2018,3.176
South Korea,KOR,NGDP_RPCH,Real GDP growth (percent change),A,2019,2.314
South Korea,KOR,NGDP_RPCH,Real GDP growth (percent change),A,2020,-0.7
South Korea,KOR,NGDP_RPCH,Real GDP growth (percent change),A,2021,4.613
South Korea,KOR,NGDP_RPCH,Real GDP growth (percent change),A,2022,2.728
South Korea,KOR,NGDP_RPCH,Real GDP growth (percent change),A,2023,1.583
South Korea,KOR,NGDP_RPCH,Real GDP growth (percent change),A,2024,2.004
South Korea,KOR,NGDP_RPCH,Real GDP growth (percent change),A,2025,0.896
South Korea,KOR,NGDP_RPCH,Real GDP growth (percent change),A,2026,1.83
Spain,ESP,NGDPD,"GDP, current prices (U.S. dollars)",A,2015,1206287000000
Spain,ESP,NGDPD,"GDP, current prices (U.S. dollars)",A,2016,1242673000000
Spain,ESP,NGDPD,"GDP, current prices (U.S. dollars)",A,2017,1321288000000
Spain,ESP,NGDPD,"GDP, current prices (U.S. dollars)",A,2018,1432292000000
Spain,ESP,NGDPD,"GDP, current prices (U.S. dollars)",A,2019,1403651000000
Spain,ESP,NGDPD,"GDP, current prices (U.S. dollars)",A,2020,1288751000000
Spain,ESP,NGDPD,"GDP, current prices (U.S. dollars)",A,2021,1462216000000
Spain,ESP,NGDPD,"GDP, current prices (U.S. dollars)",A,2022,1449990000000
Spain,ESP,NGDPD,"GDP, current prices (U.S. dollars)",A,2023,1619949000000
Spain,ESP,NGDPD,"GDP, current prices (U.S. dollars)",A,2024,1725152000000
Spain,ESP,NGDPD,"GDP, current prices (U.S. dollars)",A,2025,1891371000000
Spain,ESP,NGDPD,"GDP, current prices (U.S. dollars)",A,2026,2041830000000
Spain,ESP,NGDPD_PCH,"Nominal GDP growth (percent change, derived from NGDPD)",A,2016,3.016363
Spain,ESP,NGDPD_PCH,"Nominal GDP growth (percent change, derived from NGDPD)",A,2017,6.326282
Spain,ESP,NGDPD_PCH,"Nominal GDP growth (percent change, derived from NGDPD)",A,2018,8.401196
Spain,ESP,NGDPD_PCH,"Nominal GDP growth (percent change, derived from NGDPD)",A,2019,-1.999662
Spain,ESP,NGDPD_PCH,"Nominal GDP growth (percent change, derived from NGDPD)",A,2020,-8.185795
Spain,ESP,NGDPD_PCH,"Nominal GDP growth (percent change, derived from NGDPD)",A,2021,13.459931
Spain,ESP,NGDPD_PCH,"Nominal GDP growth (percent change, derived from NGDPD)",A,2022,-0.836128
Spain,ESP,NGDPD_PCH,"Nominal GDP growth (percent change, derived from NGDPD)",A,2023,11.721391
Spain,ESP,NGDPD_PCH,"Nominal GDP growth (percent change, derived from NGDPD)",A,2024,6.494217
Spain,ESP,NGDPD_PCH,"Nominal GDP growth (percent change, derived from NGDPD)",A,2025,9.635035
Spain,ESP,NGDPD_PCH,"Nominal GDP growth (percent change, derived from NGDPD)",A,2026,7.955023
Spain,ESP,NGDP_RPCH,Real GDP growth (percent change),A,2015,4.061
Spain,ESP,NGDP_RPCH,Real GDP growth (percent change),A,2016,2.915
Spain,ESP,NGDP_RPCH,Real GDP growth (percent change),A,2017,2.896
Spain,ESP,NGDP_RPCH,Real GDP growth (percent change),A,2018,2.395
Spain,ESP,NGDP_RPCH,Real GDP growth (percent change),A,2019,1.961
Spain,ESP,NGDP_RPCH,Real GDP growth (percent change),A,2020,-10.94
Spain,ESP,NGDP_RPCH,Real GDP growth (percent change),A,2021,6.683
Spain,ESP,NGDP_RPCH,Real GDP growth (percent change),A,2022,6.37
Spain,ESP,NGDP_RPCH,Real GDP growth (percent change),A,2023,2.461
Spain,ESP,NGDP_RPCH,Real GDP growth (percent change),A,2024,3.455
Spain,ESP,NGDP_RPCH,Real GDP growth (percent change),A,2025,2.908
Spain,ESP,NGDP_RPCH,Real GDP growth (percent change),A,2026,1.958
Sweden,SWE,NGDPD,"GDP, current prices (U.S. dollars)",A,2015,501602000000
Sweden,SWE,NGDPD,"GDP, current prices (U.S. dollars)",A,2016,513058000000
Sweden,SWE,NGDPD,"GDP, current prices (U.S. dollars)",A,2017,535172000000
Sweden,SWE,NGDPD,"GDP, current prices (U.S. dollars)",A,2018,549649000000
Sweden,SWE,NGDPD,"GDP, current prices (U.S. dollars)",A,2019,530894000000
Sweden,SWE,NGDPD,"GDP, current prices (U.S. dollars)",A,2020,544266000000
Sweden,SWE,NGDPD,"GDP, current prices (U.S. dollars)",A,2021,631693000000
Sweden,SWE,NGDPD,"GDP, current prices (U.S. dollars)",A,2022,575071000000
Sweden,SWE,NGDPD,"GDP, current prices (U.S. dollars)",A,2023,578991000000
Sweden,SWE,NGDPD,"GDP, current prices (U.S. dollars)",A,2024,603715000000
Sweden,SWE,NGDPD,"GDP, current prices (U.S. dollars)",A,2025,662318000000
Sweden,SWE,NGDPD,"GDP, current prices (U.S. dollars)",A,2026,711503000000
Sweden,SWE,NGDPD_PCH,"Nominal GDP growth (percent change, derived from NGDPD)",A,2016,2.283882
Sweden,SWE,NGDPD_PCH,"Nominal GDP growth (percent change, derived from NGDPD)",A,2017,4.310234
Sweden,SWE,NGDPD_PCH,"Nominal GDP growth (percent change, derived from NGDPD)",A,2018,2.705112
Sweden,SWE,NGDPD_PCH,"Nominal GDP growth (percent change, derived from NGDPD)",A,2019,-3.412178
Sweden,SWE,NGDPD_PCH,"Nominal GDP growth (percent change, derived from NGDPD)",A,2020,2.518770
Sweden,SWE,NGDPD_PCH,"Nominal GDP growth (percent change, derived from NGDPD)",A,2021,16.063285
Sweden,SWE,NGDPD_PCH,"Nominal GDP growth (percent change, derived from NGDPD)",A,2022,-8.963531
Sweden,SWE,NGDPD_PCH,"Nominal GDP growth (percent change, derived from NGDPD)",A,2023,0.681655
Sweden,SWE,NGDPD_PCH,"Nominal GDP growth (percent change, derived from NGDPD)",A,2024,4.270187
Sweden,SWE,NGDPD_PCH,"Nominal GDP growth (percent change, derived from NGDPD)",A,2025,9.707064
Sweden,SWE,NGDPD_PCH,"Nominal GDP growth (percent change, derived from NGDPD)",A,2026,7.426191
Sweden,SWE,NGDP_RPCH,Real GDP growth (percent change),A,2015,4.388
Sweden,SWE,NGDP_RPCH,Real GDP growth (percent change),A,2016,2.131
Sweden,SWE,NGDP_RPCH,Real GDP growth (percent change),A,2017,1.883
Sweden,SWE,NGDP_RPCH,Real GDP growth (percent change),A,2018,1.77
Sweden,SWE,NGDP_RPCH,Real GDP growth (percent change),A,2019,2.608
Sweden,SWE,NGDP_RPCH,Real GDP growth (percent change),A,2020,-1.934
Sweden,SWE,NGDP_RPCH,Real GDP growth (percent change),A,2021,5.226
Sweden,SWE,NGDP_RPCH,Real GDP growth (percent change),A,2022,1.255
Sweden,SWE,NGDP_RPCH,Real GDP growth (percent change),A,2023,-0.204
Sweden,SWE,NGDP_RPCH,Real GDP growth (percent change),A,2024,0.82
Sweden,SWE,NGDP_RPCH,Real GDP growth (percent change),A,2025,0.75
Sweden,SWE,NGDP_RPCH,Real GDP growth (percent change),A,2026,1.932
Switzerland,CHE,NGDPD,"GDP, current prices (U.S. dollars)",A,2015,693814000000
Switzerland,CHE,NGDPD,"GDP, current prices (U.S. dollars)",A,2016,687766000000
Switzerland,CHE,NGDPD,"GDP, current prices (U.S. dollars)",A,2017,695507000000
Switzerland,CHE,NGDPD,"GDP, current prices (U.S. dollars)",A,2018,725889000000
Switzerland,CHE,NGDPD,"GDP, current prices (U.S. dollars)",A,2019,721896000000
Switzerland,CHE,NGDPD,"GDP, current prices (U.S. dollars)",A,2020,741288000000
Switzerland,CHE,NGDPD,"GDP, current prices (U.S. dollars)",A,2021,814696000000
Switzerland,CHE,NGDPD,"GDP, current prices (U.S. dollars)",A,2022,828513000000
Switzerland,CHE,NGDPD,"GDP, current prices (U.S. dollars)",A,2023,894815000000
Switzerland,CHE,NGDPD,"GDP, current prices (U.S. dollars)",A,2024,938153000000
Switzerland,CHE,NGDPD,"GDP, current prices (U.S. dollars)",A,2025,1002666000000
Switzerland,CHE,NGDPD,"GDP, current prices (U.S. dollars)",A,2026,1074588000000
Switzerland,CHE,NGDPD_PCH,"Nominal GDP growth (percent change, derived from NGDPD)",A,2016,-0.871703
Switzerland,CHE,NGDPD_PCH,"Nominal GDP growth (percent change, derived from NGDPD)",A,2017,1.125528
Switzerland,CHE,NGDPD_PCH,"Nominal GDP growth (percent change, derived from NGDPD)",A,2018,4.368324
Switzerland,CHE,NGDPD_PCH,"Nominal GDP growth (percent change, derived from NGDPD)",A,2019,-0.550084
Switzerland,CHE,NGDPD_PCH,"Nominal GDP growth (percent change, derived from NGDPD)",A,2020,2.686260
Switzerland,CHE,NGDPD_PCH,"Nominal GDP growth (percent change, derived from NGDPD)",A,2021,9.902764
Switzerland,CHE,NGDPD_PCH,"Nominal GDP growth (percent change, derived from NGDPD)",A,2022,1.695970
Switzerland,CHE,NGDPD_PCH,"Nominal GDP growth (percent change, derived from NGDPD)",A,2023,8.002530
Switzerland,CHE,NGDPD_PCH,"Nominal GDP growth (percent change, derived from NGDPD)",A,2024,4.843236
Switzerland,CHE,NGDPD_PCH,"Nominal GDP growth (percent change, derived from NGDPD)",A,2025,6.876597
Switzerland,CHE,NGDPD_PCH,"Nominal GDP growth (percent change, derived from NGDPD)",A,2026,7.173077
Switzerland,CHE,NGDP_RPCH,Real GDP growth (percent change),A,2015,1.571
Switzerland,CHE,NGDP_RPCH,Real GDP growth (percent change),A,2016,2.098
Switzerland,CHE,NGDP_RPCH,Real GDP growth (percent change),A,2017,1.428
Switzerland,CHE,NGDP_RPCH,Real GDP growth (percent change),A,2018,2.862
Switzerland,CHE,NGDP_RPCH,Real GDP growth (percent change),A,2019,1.163
Switzerland,CHE,NGDP_RPCH,Real GDP growth (percent change),A,2020,-2.293
Switzerland,CHE,NGDP_RPCH,Real GDP growth (percent change),A,2021,5.573
Switzerland,CHE,NGDP_RPCH,Real GDP growth (percent change),A,2022,3.124
Switzerland,CHE,NGDP_RPCH,Real GDP growth (percent change),A,2023,0.737
Switzerland,CHE,NGDP_RPCH,Real GDP growth (percent change),A,2024,1.363
Switzerland,CHE,NGDP_RPCH,Real GDP growth (percent change),A,2025,0.946
Switzerland,CHE,NGDP_RPCH,Real GDP growth (percent change),A,2026,1.275
Taiwan,TWN,NGDPD,"GDP, current prices (U.S. dollars)",A,2015,534515000000
Taiwan,TWN,NGDPD,"GDP, current prices (U.S. dollars)",A,2016,543081000000
Taiwan,TWN,NGDPD,"GDP, current prices (U.S. dollars)",A,2017,591687000000
Taiwan,TWN,NGDPD,"GDP, current prices (U.S. dollars)",A,2018,610690000000
Taiwan,TWN,NGDPD,"GDP, current prices (U.S. dollars)",A,2019,613512000000
Taiwan,TWN,NGDPD,"GDP, current prices (U.S. dollars)",A,2020,676861000000
Taiwan,TWN,NGDPD,"GDP, current prices (U.S. dollars)",A,2021,776965000000
Taiwan,TWN,NGDPD,"GDP, current prices (U.S. dollars)",A,2022,765624000000
Taiwan,TWN,NGDPD,"GDP, current prices (U.S. dollars)",A,2023,757335000000
Taiwan,TWN,NGDPD,"GDP, current prices (U.S. dollars)",A,2024,797004000000
Taiwan,TWN,NGDPD,"GDP, current prices (U.S. dollars)",A,2025,884387000000
Taiwan,TWN,NGDPD,"GDP, current prices (U.S. dollars)",A,2026,971448000000
Taiwan,TWN,NGDPD_PCH,"Nominal GDP growth (percent change, derived from NGDPD)",A,2016,1.602574
Taiwan,TWN,NGDPD_PCH,"Nominal GDP growth (percent change, derived from NGDPD)",A,2017,8.950046
Taiwan,TWN,NGDPD_PCH,"Nominal GDP growth (percent change, derived from NGDPD)",A,2018,3.211664
Taiwan,TWN,NGDPD_PCH,"Nominal GDP growth (percent change, derived from NGDPD)",A,2019,0.462100
Taiwan,TWN,NGDPD_PCH,"Nominal GDP growth (percent change, derived from NGDPD)",A,2020,10.325633
Taiwan,TWN,NGDPD_PCH,"Nominal GDP growth (percent change, derived from NGDPD)",A,2021,14.789447
Taiwan,TWN,NGDPD_PCH,"Nominal GDP growth (percent change, derived from NGDPD)",A,2022,-1.459654
Taiwan,TWN,NGDPD_PCH,"Nominal GDP growth (percent change, derived from NGDPD)",A,2023,-1.082646
Taiwan,TWN,NGDPD_PCH,"Nominal GDP growth (percent change, derived from NGDPD)",A,2024,5.237973
Taiwan,TWN,NGDPD_PCH,"Nominal GDP growth (percent change, derived from NGDPD)",A,2025,10.963935
Taiwan,TWN,NGDPD_PCH,"Nominal GDP growth (percent change, derived from NGDPD)",A,2026,9.844220
Taiwan,TWN,NGDP_RPCH,Real GDP growth (percent change),A,2015,1.465
Taiwan,TWN,NGDP_RPCH,Real GDP growth (percent change),A,2016,2.165
Taiwan,TWN,NGDP_RPCH,Real GDP growth (percent change),A,2017,3.662
Taiwan,TWN,NGDP_RPCH,Real GDP growth (percent change),A,2018,2.905
Taiwan,TWN,NGDP_RPCH,Real GDP growth (percent change),A,2019,3.055
Taiwan,TWN,NGDP_RPCH,Real GDP growth (percent change),A,2020,3.42
Taiwan,TWN,NGDP_RPCH,Real GDP growth (percent change),A,2021,6.72
Taiwan,TWN,NGDP_RPCH,Real GDP growth (percent change),A,2022,2.684
Taiwan,TWN,NGDP_RPCH,Real GDP growth (percent change),A,2023,1.122
Taiwan,TWN,NGDP_RPCH,Real GDP growth (percent change),A,2024,4.837
Taiwan,TWN,NGDP_RPCH,Real GDP growth (percent change),A,2025,3.674
Taiwan,TWN,NGDP_RPCH,Real GDP growth (percent change),A,2026,2.113
Thailand,THA,NGDPD,"GDP, current prices (U.S. dollars)",A,2015,401296000000
Thailand,THA,NGDPD,"GDP, current prices (U.S. dollars)",A,2016,413366000000
Thailand,THA,NGDPD,"GDP, current prices (U.S. dollars)",A,2017,456357000000
Thailand,THA,NGDPD,"GDP, current prices (U.S. dollars)",A,2018,506754000000
Thailand,THA,NGDPD,"GDP, current prices (U.S. dollars)",A,2019,543977000000
Thailand,THA,NGDPD,"GDP, current prices (U.S. dollars)",A,2020,500462000000
Thailand,THA,NGDPD,"GDP, current prices (U.S. dollars)",A,2021,506195000000
Thailand,THA,NGDPD,"GDP, current prices (U.S. dollars)",A,2022,495645000000
Thailand,THA,NGDPD,"GDP, current prices (U.S. dollars)",A,2023,515906000000
Thailand,THA,NGDPD,"GDP, current prices (U.S. dollars)",A,2024,526518000000
Thailand,THA,NGDPD,"GDP, current prices (U.S. dollars)",A,2025,558573000000
Thailand,THA,NGDPD,"GDP, current prices (U.S. dollars)",A,2026,561509000000
Thailand,THA,NGDPD_PCH,"Nominal GDP growth (percent change, derived from NGDPD)",A,2016,3.007755
Thailand,THA,NGDPD_PCH,"Nominal GDP growth (percent change, derived from NGDPD)",A,2017,10.400226
Thailand,THA,NGDPD_PCH,"Nominal GDP growth (percent change, derived from NGDPD)",A,2018,11.043328
Thailand,THA,NGDPD_PCH,"Nominal GDP growth (percent change, derived from NGDPD)",A,2019,7.345379
Thailand,THA,NGDPD_PCH,"Nominal GDP growth (percent change, derived from NGDPD)",A,2020,-7.999419
Thailand,THA,NGDPD_PCH,"Nominal GDP growth (percent change, derived from NGDPD)",A,2021,1.145542
Thailand,THA,NGDPD_PCH,"Nominal GDP growth (percent change, derived from NGDPD)",A,2022,-2.084177
Thailand,THA,NGDPD_PCH,"Nominal GDP growth (percent change, derived from NGDPD)",A,2023,4.087805
Thailand,THA,NGDPD_PCH,"Nominal GDP growth (percent change, derived from NGDPD)",A,2024,2.056964
Thailand,THA,NGDPD_PCH,"Nominal GDP growth (percent change, derived from NGDPD)",A,2025,6.088111
Thailand,THA,NGDPD_PCH,"Nominal GDP growth (percent change, derived from NGDPD)",A,2026,0.525625
Thailand,THA,NGDP_RPCH,Real GDP growth (percent change),A,2015,3.134
Thailand,THA,NGDP_RPCH,Real GDP growth (percent change),A,2016,3.435
Thailand,THA,NGDP_RPCH,Real GDP growth (percent change),A,2017,4.178
Thailand,THA,NGDP_RPCH,Real GDP growth (percent change),A,2018,4.223
Thailand,THA,NGDP_RPCH,Real GDP growth (percent change),A,2019,2.115
Thailand,THA,NGDP_RPCH,Real GDP growth (percent change),A,2020,-6.05
Thailand,THA,NGDP_RPCH,Real GDP growth (percent change),A,2021,1.542
Thailand,THA,NGDP_RPCH,Real GDP growth (percent change),A,2022,2.627
Thailand,THA,NGDP_RPCH,Real GDP growth (percent change),A,2023,2.009
Thailand,THA,NGDP_RPCH,Real GDP growth (percent change),A,2024,2.54
Thailand,THA,NGDP_RPCH,Real GDP growth (percent change),A,2025,2
Thailand,THA,NGDP_RPCH,Real GDP growth (percent change),A,2026,1.6
Turkey,TUR,NGDPD,"GDP, current prices (U.S. dollars)",A,2015,868204000000
Turkey,TUR,NGDPD,"GDP, current prices (U.S. dollars)",A,2016,870339000000
Turkey,TUR,NGDPD,"GDP, current prices (U.S. dollars)",A,2017,863906000000
Turkey,TUR,NGDPD,"GDP, current prices (U.S. dollars)",A,2018,807318000000
Turkey,TUR,NGDPD,"GDP, current prices (U.S. dollars)",A,2019,775223000000
Turkey,TUR,NGDPD,"GDP, current prices (U.S. dollars)",A,2020,730345000000
Turkey,TUR,NGDPD,"GDP, current prices (U.S. dollars)",A,2021,827673000000
Turkey,TUR,NGDPD,"GDP, current prices (U.S. dollars)",A,2022,924752000000
Turkey,TUR,NGDPD,"GDP, current prices (U.S. dollars)",A,2023,1153295000000
Turkey,TUR,NGDPD,"GDP, current prices (U.S. dollars)",A,2024,1358251000000
Turkey,TUR,NGDPD,"GDP, current prices (U.S. dollars)",A,2025,1565471000000
Turkey,TUR,NGDPD,"GDP, current prices (U.S. dollars)",A,2026,1576110000000
Turkey,TUR,NGDPD_PCH,"Nominal GDP growth (percent change, derived from NGDPD)",A,2016,0.245910
Turkey,TUR,NGDPD_PCH,"Nominal GDP growth (percent change, derived from NGDPD)",A,2017,-0.739137
Turkey,TUR,NGDPD_PCH,"Nominal GDP growth (percent change, derived from NGDPD)",A,2018,-6.550250
Turkey,TUR,NGDPD_PCH,"Nominal GDP growth (percent change, derived from NGDPD)",A,2019,-3.975509
Turkey,TUR,NGDPD_PCH,"Nominal GDP growth (percent change, derived from NGDPD)",A,2020,-5.789044
Turkey,TUR,NGDPD_PCH,"Nominal GDP growth (percent change, derived from NGDPD)",A,2021,13.326305
Turkey,TUR,NGDPD_PCH,"Nominal GDP growth (percent change, derived from NGDPD)",A,2022,11.729149
Turkey,TUR,NGDPD_PCH,"Nominal GDP growth (percent change, derived from NGDPD)",A,2023,24.713977
Turkey,TUR,NGDPD_PCH,"Nominal GDP growth (percent change, derived from NGDPD)",A,2024,17.771342
Turkey,TUR,NGDPD_PCH,"Nominal GDP growth (percent change, derived from NGDPD)",A,2025,15.256385
Turkey,TUR,NGDPD_PCH,"Nominal GDP growth (percent change, derived from NGDPD)",A,2026,0.679604
Turkey,TUR,NGDP_RPCH,Real GDP growth (percent change),A,2015,5.806
Turkey,TUR,NGDP_RPCH,Real GDP growth (percent change),A,2016,3.324
Turkey,TUR,NGDP_RPCH,Real GDP growth (percent change),A,2017,7.826
Turkey,TUR,NGDP_RPCH,Real GDP growth (percent change),A,2018,3.468
Turkey,TUR,NGDP_RPCH,Real GDP growth (percent change),A,2019,1.302
Turkey,TUR,NGDP_RPCH,Real GDP growth (percent change),A,2020,1.803
Turkey,TUR,NGDP_RPCH,Real GDP growth (percent change),A,2021,11.811
Turkey,TUR,NGDP_RPCH,Real GDP growth (percent change),A,2022,5.441
Turkey,TUR,NGDP_RPCH,Real GDP growth (percent change),A,2023,5.045
Turkey,TUR,NGDP_RPCH,Real GDP growth (percent change),A,2024,3.328
Turkey,TUR,NGDP_RPCH,Real GDP growth (percent change),A,2025,3.494
Turkey,TUR,NGDP_RPCH,Real GDP growth (percent change),A,2026,3.693
United Kingdom,GBR,NGDPD,"GDP, current prices (U.S. dollars)",A,2015,2928558000000
United Kingdom,GBR,NGDPD,"GDP, current prices (U.S. dollars)",A,2016,2699086000000
United Kingdom,GBR,NGDPD,"GDP, current prices (U.S. dollars)",A,2017,2682384000000
United Kingdom,GBR,NGDPD,"GDP, current prices (U.S. dollars)",A,2018,2875024000000
United Kingdom,GBR,NGDPD,"GDP, current prices (U.S. dollars)",A,2019,2853074000000
United Kingdom,GBR,NGDPD,"GDP, current prices (U.S. dollars)",A,2020,2698705000000
United Kingdom,GBR,NGDPD,"GDP, current prices (U.S. dollars)",A,2021,3144079000000
United Kingdom,GBR,NGDPD,"GDP, current prices (U.S. dollars)",A,2022,3125404000000
United Kingdom,GBR,NGDPD,"GDP, current prices (U.S. dollars)",A,2023,3371118000000
United Kingdom,GBR,NGDPD,"GDP, current prices (U.S. dollars)",A,2024,3644636000000
United Kingdom,GBR,NGDPD,"GDP, current prices (U.S. dollars)",A,2025,3958780000000
United Kingdom,GBR,NGDPD,"GDP, current prices (U.S. dollars)",A,2026,4225639000000
United Kingdom,GBR,NGDPD_PCH,"Nominal GDP growth (percent change, derived from NGDPD)",A,2016,-7.835665
United Kingdom,GBR,NGDPD_PCH,"Nominal GDP growth (percent change, derived from NGDPD)",A,2017,-0.618802
United Kingdom,GBR,NGDPD_PCH,"Nominal GDP growth (percent change, derived from NGDPD)",A,2018,7.181671
United Kingdom,GBR,NGDPD_PCH,"Nominal GDP growth (percent change, derived from NGDPD)",A,2019,-0.763472
United Kingdom,GBR,NGDPD_PCH,"Nominal GDP growth (percent change, derived from NGDPD)",A,2020,-5.410620
United Kingdom,GBR,NGDPD_PCH,"Nominal GDP growth (percent change, derived from NGDPD)",A,2021,16.503249
United Kingdom,GBR,NGDPD_PCH,"Nominal GDP growth (percent change, derived from NGDPD)",A,2022,-0.593974
United Kingdom,GBR,NGDPD_PCH,"Nominal GDP growth (percent change, derived from NGDPD)",A,2023,7.861832
United Kingdom,GBR,NGDPD_PCH,"Nominal GDP growth (percent change, derived from NGDPD)",A,2024,8.113569
United Kingdom,GBR,NGDPD_PCH,"Nominal GDP growth (percent change, derived from NGDPD)",A,2025,8.619352
United Kingdom,GBR,NGDPD_PCH,"Nominal GDP growth (percent change, derived from NGDPD)",A,2026,6.740940
United Kingdom,GBR,NGDP_RPCH,Real GDP growth (percent change),A,2015,2.223
United Kingdom,GBR,NGDP_RPCH,Real GDP growth (percent change),A,2016,1.922
United Kingdom,GBR,NGDP_RPCH,Real GDP growth (percent change),A,2017,2.657
United Kingdom,GBR,NGDP_RPCH,Real GDP growth (percent change),A,2018,1.405
United Kingdom,GBR,NGDP_RPCH,Real GDP growth (percent change),A,2019,1.624
United Kingdom,GBR,NGDP_RPCH,Real GDP growth (percent change),A,2020,-10.297
United Kingdom,GBR,NGDP_RPCH,Real GDP growth (percent change),A,2021,8.576
United Kingdom,GBR,NGDP_RPCH,Real GDP growth (percent change),A,2022,4.839
United Kingdom,GBR,NGDP_RPCH,Real GDP growth (percent change),A,2023,0.397
United Kingdom,GBR,NGDP_RPCH,Real GDP growth (percent change),A,2024,1.101
United Kingdom,GBR,NGDP_RPCH,Real GDP growth (percent change),A,2025,1.308
United Kingdom,GBR,NGDP_RPCH,Real GDP growth (percent change),A,2026,1.264
United States,USA,NGDPD,"GDP, current prices (U.S. dollars)",A,2015,18295000000000
United States,USA,NGDPD,"GDP, current prices (U.S. dollars)",A,2016,18804900000000
United States,USA,NGDPD,"GDP, current prices (U.S. dollars)",A,2017,19612100000000
United States,USA,NGDPD,"GDP, current prices (U.S. dollars)",A,2018,20656525000000
United States,USA,NGDPD,"GDP, current prices (U.S. dollars)",A,2019,21539975000000
United States,USA,NGDPD,"GDP, current prices (U.S. dollars)",A,2020,21375275000000
United States,USA,NGDPD,"GDP, current prices (U.S. dollars)",A,2021,23725650000000
United States,USA,NGDPD,"GDP, current prices (U.S. dollars)",A,2022,26054600000000
United States,USA,NGDPD,"GDP, current prices (U.S. dollars)",A,2023,27811500000000
United States,USA,NGDPD,"GDP, current prices (U.S. dollars)",A,2024,29298025000000
United States,USA,NGDPD,"GDP, current prices (U.S. dollars)",A,2025,30615743000000
United States,USA,NGDPD,"GDP, current prices (U.S. dollars)",A,2026,31821293000000
United States,USA,NGDPD_PCH,"Nominal GDP growth (percent change, derived from NGDPD)",A,2016,2.787100
United States,USA,NGDPD_PCH,"Nominal GDP growth (percent change, derived from NGDPD)",A,2017,4.292498
United States,USA,NGDPD_PCH,"Nominal GDP growth (percent change, derived from NGDPD)",A,2018,5.325411
United States,USA,NGDPD_PCH,"Nominal GDP growth (percent change, derived from NGDPD)",A,2019,4.276857
United States,USA,NGDPD_PCH,"Nominal GDP growth (percent change, derived from NGDPD)",A,2020,-0.764625
United States,USA,NGDPD_PCH,"Nominal GDP growth (percent change, derived from NGDPD)",A,2021,10.995765
United States,USA,NGDPD_PCH,"Nominal GDP growth (percent change, derived from NGDPD)",A,2022,9.816169
United States,USA,NGDPD_PCH,"Nominal GDP growth (percent change, derived from NGDPD)",A,2023,6.743147
United States,USA,NGDPD_PCH,"Nominal GDP growth (percent change, derived from NGDPD)",A,2024,5.345001
United States,USA,NGDPD_PCH,"Nominal GDP growth (percent change, derived from NGDPD)",A,2025,4.497634
United States,USA,NGDPD_PCH,"Nominal GDP growth (percent change, derived from NGDPD)",A,2026,3.937680
United States,USA,NGDP_RPCH,Real GDP growth (percent change),A,2015,2.946
United States,USA,NGDP_RPCH,Real GDP growth (percent change),A,2016,1.82
United States,USA,NGDP_RPCH,Real GDP growth (percent change),A,2017,2.458
United States,USA,NGDP_RPCH,Real GDP growth (percent change),A,2018,2.967
United States,USA,NGDP_RPCH,Real GDP growth (percent change),A,2019,2.584
United States,USA,NGDP_RPCH,Real GDP growth (percent change),A,2020,-2.081
United States,USA,NGDP_RPCH,Real GDP growth (percent change),A,2021,6.152
United States,USA,NGDP_RPCH,Real GDP growth (percent change),A,2022,2.524
United States,USA,NGDP_RPCH,Real GDP growth (percent change),A,2023,2.935
United States,USA,NGDP_RPCH,Real GDP growth (percent change),A,2024,2.793
United States,USA,NGDP_RPCH,Real GDP growth (percent change),A,2025,2.017
United States,USA,NGDP_RPCH,Real GDP growth (percent change),A,2026,2.102
Vietnam,VNM,NGDPD,"GDP, current prices (U.S. dollars)",A,2015,236795000000
Vietnam,VNM,NGDPD,"GDP, current prices (U.S. dollars)",A,2016,252146000000
Vietnam,VNM,NGDPD,"GDP, current prices (U.S. dollars)",A,2017,277071000000
Vietnam,VNM,NGDPD,"GDP, current prices (U.S. dollars)",A,2018,304470000000
Vietnam,VNM,NGDPD,"GDP, current prices (U.S. dollars)",A,2019,331818000000
Vietnam,VNM,NGDPD,"GDP, current prices (U.S. dollars)",A,2020,346310000000
Vietnam,VNM,NGDPD,"GDP, current prices (U.S. dollars)",A,2021,370076000000
Vietnam,VNM,NGDPD,"GDP, current prices (U.S. dollars)",A,2022,411068000000
Vietnam,VNM,NGDPD,"GDP, current prices (U.S. dollars)",A,2023,433008000000
Vietnam,VNM,NGDPD,"GDP, current prices (U.S. dollars)",A,2024,459472000000
Vietnam,VNM,NGDPD,"GDP, current prices (U.S. dollars)",A,2025,484726000000
Vietnam,VNM,NGDPD,"GDP, current prices (U.S. dollars)",A,2026,511059000000
Vietnam,VNM,NGDPD_PCH,"Nominal GDP growth (percent change, derived from NGDPD)",A,2016,6.482823
Vietnam,VNM,NGDPD_PCH,"Nominal GDP growth (percent change, derived from NGDPD)",A,2017,9.885146
Vietnam,VNM,NGDPD_PCH,"Nominal GDP growth (percent change, derived from NGDPD)",A,2018,9.888801
Vietnam,VNM,NGDPD_PCH,"Nominal GDP growth (percent change, derived from NGDPD)",A,2019,8.982166
Vietnam,VNM,NGDPD_PCH,"Nominal GDP growth (percent change, derived from NGDPD)",A,2020,4.367454
Vietnam,VNM,NGDPD_PCH,"Nominal GDP growth (percent change, derived from NGDPD)",A,2021,6.862638
Vietnam,VNM,NGDPD_PCH,"Nominal GDP growth (percent change, derived from NGDPD)",A,2022,11.076644
Vietnam,VNM,NGDPD_PCH,"Nominal GDP growth (percent change, derived from NGDPD)",A,2023,5.337316
Vietnam,VNM,NGDPD_PCH,"Nominal GDP growth (percent change, derived from NGDPD)",A,2024,6.111665
Vietnam,VNM,NGDPD_PCH,"Nominal GDP growth (percent change, derived from NGDPD)",A,2025,5.496309
Vietnam,VNM,NGDPD_PCH,"Nominal GDP growth (percent change, derived from NGDPD)",A,2026,5.432554
Vietnam,VNM,NGDP_RPCH,Real GDP growth (percent change),A,2015,6.987
Vietnam,VNM,NGDP_RPCH,Real GDP growth (percent change),A,2016,6.69
Vietnam,VNM,NGDP_RPCH,Real GDP growth (percent change),A,2017,6.94
Vietnam,VNM,NGDP_RPCH,Real GDP growth (percent change),A,2018,7.465
Vietnam,VNM,NGDP_RPCH,Real GDP growth (percent change),A,2019,7.359
Vietnam,VNM,NGDP_RPCH,Real GDP growth (percent change),A,2020,2.865
Vietnam,VNM,NGDP_RPCH,Real GDP growth (percent change),A,2021,2.554
Vietnam,VNM,NGDP_RPCH,Real GDP growth (percent change),A,2022,8.538
Vietnam,VNM,NGDP_RPCH,Real GDP growth (percent change),A,2023,5.065
Vietnam,VNM,NGDP_RPCH,Real GDP growth (percent change),A,2024,7.091
Vietnam,VNM,NGDP_RPCH,Real GDP growth (percent change),A,2025,6.457
Vietnam,VNM,NGDP_RPCH,Real GDP growth (percent change),A,2026,5.595
